Date,Time,Latitude,Longitude
2024-10-22,2024-10-22 10:45:50+00:00,35.229215221479535,-80.84604919888079
2024-10-22,2024-10-22 10:45:51+00:00,35.229219663888216,-80.84609437733889
2024-10-22,2024-10-22 10:45:52+00:00,35.22920801304281,-80.8461144939065
2024-10-22,2024-10-22 10:45:53+00:00,35.22919778712094,-80.84612698294222
2024-10-22,2024-10-22 10:45:54+00:00,35.229181023314595,-80.84614802151918
2024-10-22,2024-10-22 10:45:55+00:00,35.22916233167052,-80.84617442451417
2024-10-22,2024-10-22 10:45:56+00:00,35.22915244102478,-80.84619529545307
2024-10-22,2024-10-22 10:45:57+00:00,35.22914104163647,-80.8462263084948
2024-10-22,2024-10-22 10:45:58+00:00,35.229128301143646,-80.84625162184238
2024-10-22,2024-10-22 10:45:59+00:00,35.229110615327954,-80.8462802041322
2024-10-22,2024-10-22 10:46:00+00:00,35.22910055704415,-80.8462971355766
2024-10-22,2024-10-22 10:46:01+00:00,35.22909150458872,-80.84632588550448
2024-10-22,2024-10-22 10:46:02+00:00,35.229076417163014,-80.84634826518595
2024-10-22,2024-10-22 10:46:03+00:00,35.22906015627086,-80.84636779502034
2024-10-22,2024-10-22 10:46:04+00:00,35.229047080501914,-80.84638497792184
2024-10-22,2024-10-22 10:46:05+00:00,35.22902872413397,-80.84640224464238
2024-10-22,2024-10-22 10:46:06+00:00,35.22900986485183,-80.8464231994003
2024-10-22,2024-10-22 10:46:07+00:00,35.22899209521711,-80.84644298069179
2024-10-22,2024-10-22 10:46:08+00:00,35.22897549904883,-80.84646611474454
2024-10-22,2024-10-22 10:46:09+00:00,35.22896024398506,-80.84648656658828
2024-10-22,2024-10-22 10:46:10+00:00,35.228941552340984,-80.84651213139296
2024-10-22,2024-10-22 10:46:11+00:00,35.22892428562045,-80.84653325378895
2024-10-22,2024-10-22 10:46:12+00:00,35.22891338914633,-80.84655923768878
2024-10-22,2024-10-22 10:46:13+00:00,35.22890131920576,-80.84658002480865
2024-10-22,2024-10-22 10:46:14+00:00,35.22888522595167,-80.84660307504237
2024-10-22,2024-10-22 10:46:15+00:00,35.22887089289725,-80.8466150611639
2024-10-22,2024-10-22 10:46:16+00:00,35.22885840386152,-80.84664104506373
2024-10-22,2024-10-22 10:46:17+00:00,35.228841388598084,-80.84666577167809
2024-10-22,2024-10-22 10:46:18+00:00,35.228823283687234,-80.8466977905482
2024-10-22,2024-10-22 10:46:19+00:00,35.22880928590894,-80.84671379998326
2024-10-22,2024-10-22 10:46:20+00:00,35.22879512049258,-80.84673467092216
2024-10-22,2024-10-22 10:46:21+00:00,35.22877994924784,-80.84675772115588
2024-10-22,2024-10-22 10:46:22+00:00,35.22876092232764,-80.84677792154253
2024-10-22,2024-10-22 10:46:23+00:00,35.228747595101595,-80.84680239669979
2024-10-22,2024-10-22 10:46:24+00:00,35.228736866265535,-80.84682695567608
2024-10-22,2024-10-22 10:46:25+00:00,35.22873695008457,-80.84685905836523
2024-10-22,2024-10-22 10:46:26+00:00,35.22872974164784,-80.84689057432115
2024-10-22,2024-10-22 10:46:27+00:00,35.22871767170727,-80.84691882133484
2024-10-22,2024-10-22 10:46:28+00:00,35.22870099171996,-80.8469396084547
2024-10-22,2024-10-22 10:46:29+00:00,35.22868607193232,-80.84696006029844
2024-10-22,2024-10-22 10:46:30+00:00,35.228671319782734,-80.8469781652093
2024-10-22,2024-10-22 10:46:31+00:00,35.228655226528645,-80.84700490348041
2024-10-22,2024-10-22 10:46:32+00:00,35.2286418993026,-80.84703583270311
2024-10-22,2024-10-22 10:46:33+00:00,35.22862765006721,-80.84706055931747
2024-10-22,2024-10-22 10:46:34+00:00,35.22861398756504,-80.84708930924535
2024-10-22,2024-10-22 10:46:35+00:00,35.22859789431095,-80.84711370058358
2024-10-22,2024-10-22 10:46:36+00:00,35.22857844829559,-80.84713767282665
2024-10-22,2024-10-22 10:46:37+00:00,35.228559924289584,-80.84715561009943
2024-10-22,2024-10-22 10:46:38+00:00,35.228542322292924,-80.84717698395252
2024-10-22,2024-10-22 10:46:39+00:00,35.228523798286915,-80.8471956755966
2024-10-22,2024-10-22 10:46:40+00:00,35.22850695066154,-80.8472192287445
2024-10-22,2024-10-22 10:46:41+00:00,35.228487672284245,-80.8472332265228
2024-10-22,2024-10-22 10:46:42+00:00,35.22846646606922,-80.84725342690945
2024-10-22,2024-10-22 10:46:43+00:00,35.228448528796434,-80.84727111272514
2024-10-22,2024-10-22 10:46:44+00:00,35.228428076952696,-80.84729248657823
2024-10-22,2024-10-22 10:46:45+00:00,35.228410977870226,-80.8473095856607
2024-10-22,2024-10-22 10:46:46+00:00,35.22839211858809,-80.84732986986637
2024-10-22,2024-10-22 10:46:47+00:00,35.228375270962715,-80.84734906442463
2024-10-22,2024-10-22 10:46:48+00:00,35.228360099717975,-80.84736725315452
2024-10-22,2024-10-22 10:46:49+00:00,35.2283448446542,-80.84738787263632
2024-10-22,2024-10-22 10:46:50+00:00,35.22832958959043,-80.84740941412747
2024-10-22,2024-10-22 10:46:51+00:00,35.22831349633634,-80.84743296727538
2024-10-22,2024-10-22 10:46:52+00:00,35.22829547524452,-80.84745769388974
2024-10-22,2024-10-22 10:46:53+00:00,35.22827988490462,-80.8474819175899
2024-10-22,2024-10-22 10:46:54+00:00,35.22826169617474,-80.8475043810904
2024-10-22,2024-10-22 10:46:55+00:00,35.22824585437775,-80.84752692840993
2024-10-22,2024-10-22 10:46:56+00:00,35.22822984494269,-80.84754721261561
2024-10-22,2024-10-22 10:46:57+00:00,35.22821324877441,-80.84756791591644
2024-10-22,2024-10-22 10:46:58+00:00,35.228195898234844,-80.84758677519858
2024-10-22,2024-10-22 10:46:59+00:00,35.22818005643785,-80.8476084843278
2024-10-22,2024-10-22 10:47:00+00:00,35.22816404700279,-80.84762901999056
2024-10-22,2024-10-22 10:47:01+00:00,35.228149965405464,-80.84765408188105
2024-10-22,2024-10-22 10:47:02+00:00,35.2281307708472,-80.84767294116318
2024-10-22,2024-10-22 10:47:03+00:00,35.228112414479256,-80.84769615903497
2024-10-22,2024-10-22 10:47:04+00:00,35.22809565067291,-80.8477184548974
2024-10-22,2024-10-22 10:47:05+00:00,35.228079641237855,-80.84774024784565
2024-10-22,2024-10-22 10:47:06+00:00,35.22806472145021,-80.84776514209807
2024-10-22,2024-10-22 10:47:07+00:00,35.2280498854816,-80.8477897848934
2024-10-22,2024-10-22 10:47:08+00:00,35.22803672589362,-80.8478154335171
2024-10-22,2024-10-22 10:47:09+00:00,35.22802180610597,-80.84783772937953
2024-10-22,2024-10-22 10:47:10+00:00,35.2280065510422,-80.84786128252745
2024-10-22,2024-10-22 10:47:11+00:00,35.22799012251198,-80.84788022562861
2024-10-22,2024-10-22 10:47:12+00:00,35.2279737778008,-80.84790394641459
2024-10-22,2024-10-22 10:47:13+00:00,35.22795718163252,-80.84792280569673
2024-10-22,2024-10-22 10:47:14+00:00,35.227940417826176,-80.8479462750256
2024-10-22,2024-10-22 10:47:15+00:00,35.227925749495625,-80.84796496666968
2024-10-22,2024-10-22 10:47:16+00:00,35.22790831513703,-80.84798600524664
2024-10-22,2024-10-22 10:47:17+00:00,35.22789331153035,-80.84800712764263
2024-10-22,2024-10-22 10:47:18+00:00,35.227876799181104,-80.84802875295281
2024-10-22,2024-10-22 10:47:19+00:00,35.22786246612668,-80.84805079735816
2024-10-22,2024-10-22 10:47:20+00:00,35.22784452885389,-80.84807393141091
2024-10-22,2024-10-22 10:47:21+00:00,35.227830950170755,-80.84809463471174
2024-10-22,2024-10-22 10:47:22+00:00,35.227818293496966,-80.84811198525131
2024-10-22,2024-10-22 10:47:23+00:00,35.2278043795377,-80.84813478402793
2024-10-22,2024-10-22 10:47:24+00:00,35.22779021412134,-80.84815548732877
2024-10-22,2024-10-22 10:47:25+00:00,35.22777546197176,-80.84817996248603
2024-10-22,2024-10-22 10:47:26+00:00,35.22776070982218,-80.84820267744362
2024-10-22,2024-10-22 10:47:27+00:00,35.22774478420615,-80.84822765551507
2024-10-22,2024-10-22 10:47:28+00:00,35.227730702608824,-80.84824928082526
2024-10-22,2024-10-22 10:47:29+00:00,35.22771737538278,-80.84827434271574
2024-10-22,2024-10-22 10:47:30+00:00,35.2277042157948,-80.8482956327498
2024-10-22,2024-10-22 10:47:31+00:00,35.22768904455006,-80.84832111373544
2024-10-22,2024-10-22 10:47:32+00:00,35.22767479531467,-80.84834408015013
2024-10-22,2024-10-22 10:47:33+00:00,35.22765719331801,-80.84836947731674
2024-10-22,2024-10-22 10:47:34+00:00,35.22764269262552,-80.84839135408401
2024-10-22,2024-10-22 10:47:35+00:00,35.22762819193304,-80.84841281175613
2024-10-22,2024-10-22 10:47:36+00:00,35.227614948526025,-80.84843594580889
2024-10-22,2024-10-22 10:47:37+00:00,35.22760195657611,-80.8484579063952
2024-10-22,2024-10-22 10:47:38+00:00,35.22758971899748,-80.84847886115313
2024-10-22,2024-10-22 10:47:39+00:00,35.227575888857245,-80.84850107319653
2024-10-22,2024-10-22 10:47:40+00:00,35.2275625616312,-80.84852471016347
2024-10-22,2024-10-22 10:47:41+00:00,35.22754713892937,-80.8485475089401
2024-10-22,2024-10-22 10:47:42+00:00,35.227530961856246,-80.84857240319252
2024-10-22,2024-10-22 10:47:43+00:00,35.22751403041184,-80.84859260357916
2024-10-22,2024-10-22 10:47:44+00:00,35.22749785333872,-80.84861665964127
2024-10-22,2024-10-22 10:47:45+00:00,35.22748176008463,-80.84863560274243
2024-10-22,2024-10-22 10:47:46+00:00,35.22746533155441,-80.84865806624293
2024-10-22,2024-10-22 10:47:47+00:00,35.2274470590055,-80.84867692552507
2024-10-22,2024-10-22 10:47:48+00:00,35.22742652334273,-80.8486997243017
2024-10-22,2024-10-22 10:47:49+00:00,35.22740598767996,-80.8487203437835
2024-10-22,2024-10-22 10:47:50+00:00,35.22738805040717,-80.84874582476914
2024-10-22,2024-10-22 10:47:51+00:00,35.22737103514373,-80.84876677952707
2024-10-22,2024-10-22 10:47:52+00:00,35.22735368460417,-80.84879293106496
2024-10-22,2024-10-22 10:47:53+00:00,35.22733750753105,-80.84881723858416
2024-10-22,2024-10-22 10:47:54+00:00,35.22731990553439,-80.84884649142623
2024-10-22,2024-10-22 10:47:55+00:00,35.22730599157512,-80.84887297824025
2024-10-22,2024-10-22 10:47:56+00:00,35.227291993796825,-80.84890432655811
2024-10-22,2024-10-22 10:47:57+00:00,35.22728210315108,-80.84893290884793
2024-10-22,2024-10-22 10:47:58+00:00,35.2272710390389,-80.84896073676646
2024-10-22,2024-10-22 10:47:59+00:00,35.22725804708898,-80.84898387081921
2024-10-22,2024-10-22 10:48:00+00:00,35.227244049310684,-80.84900809451938
2024-10-22,2024-10-22 10:48:01+00:00,35.22723005153239,-80.84903055801988
2024-10-22,2024-10-22 10:48:02+00:00,35.22721546702087,-80.849052015692
2024-10-22,2024-10-22 10:48:03+00:00,35.22720532491803,-80.84907204844058
2024-10-22,2024-10-22 10:48:04+00:00,35.22719241678715,-80.84909367375076
2024-10-22,2024-10-22 10:48:05+00:00,35.227178670465946,-80.8491138741374
2024-10-22,2024-10-22 10:48:06+00:00,35.22716475650668,-80.8491363376379
2024-10-22,2024-10-22 10:48:07+00:00,35.22715117782354,-80.84915553219616
2024-10-22,2024-10-22 10:48:08+00:00,35.22713894024491,-80.84917455911636
2024-10-22,2024-10-22 10:48:09+00:00,35.22712527774274,-80.84919258020818
2024-10-22,2024-10-22 10:48:10+00:00,35.22711329162121,-80.84921009838581
2024-10-22,2024-10-22 10:48:11+00:00,35.227097533643246,-80.84923088550568
2024-10-22,2024-10-22 10:48:12+00:00,35.2270826138556,-80.84925284609199
2024-10-22,2024-10-22 10:48:13+00:00,35.22706895135343,-80.84927891381085
2024-10-22,2024-10-22 10:48:14+00:00,35.227051014080644,-80.84930263459682
2024-10-22,2024-10-22 10:48:15+00:00,35.227036429569125,-80.84932568483055
2024-10-22,2024-10-22 10:48:16+00:00,35.227022264152765,-80.84934990853071
2024-10-22,2024-10-22 10:48:17+00:00,35.227008517831564,-80.84937036037445
2024-10-22,2024-10-22 10:48:18+00:00,35.226991502568126,-80.8493921533227
2024-10-22,2024-10-22 10:48:19+00:00,35.22697792388499,-80.84941486828029
2024-10-22,2024-10-22 10:48:20+00:00,35.2269618306309,-80.84943858906627
2024-10-22,2024-10-22 10:48:21+00:00,35.2269446477294,-80.84946365095675
2024-10-22,2024-10-22 10:48:22+00:00,35.22692671045661,-80.84948988631368
2024-10-22,2024-10-22 10:48:23+00:00,35.22691061720252,-80.84951788187027
2024-10-22,2024-10-22 10:48:24+00:00,35.22689393721521,-80.8495454583317
2024-10-22,2024-10-22 10:48:25+00:00,35.22687742486596,-80.8495713584125
2024-10-22,2024-10-22 10:48:26+00:00,35.22686108015478,-80.84959365427494
2024-10-22,2024-10-22 10:48:27+00:00,35.22684498690069,-80.84961226209998
2024-10-22,2024-10-22 10:48:28+00:00,35.2268288936466,-80.84963061846793
2024-10-22,2024-10-22 10:48:29+00:00,35.22681565023959,-80.84964528679848
2024-10-22,2024-10-22 10:48:30+00:00,35.22680391557515,-80.84966422989964
2024-10-22,2024-10-22 10:48:31+00:00,35.22679192945361,-80.8496892079711
2024-10-22,2024-10-22 10:48:32+00:00,35.22677675820887,-80.84971108473837
2024-10-22,2024-10-22 10:48:33+00:00,35.22676292806864,-80.84973631426692
2024-10-22,2024-10-22 10:48:34+00:00,35.226747589185834,-80.84976263344288
2024-10-22,2024-10-22 10:48:35+00:00,35.22673208266497,-80.84979054518044
2024-10-22,2024-10-22 10:48:36+00:00,35.22671749815345,-80.84981409832835
2024-10-22,2024-10-22 10:48:37+00:00,35.2267028298229,-80.84983807057142
2024-10-22,2024-10-22 10:48:38+00:00,35.22668891586363,-80.84985692985356
2024-10-22,2024-10-22 10:48:39+00:00,35.22667399607599,-80.84988006390631
2024-10-22,2024-10-22 10:48:40+00:00,35.22665848955512,-80.84990185685456
2024-10-22,2024-10-22 10:48:41+00:00,35.226642144843936,-80.84992725402117
2024-10-22,2024-10-22 10:48:42+00:00,35.226626470685005,-80.84994653239846
2024-10-22,2024-10-22 10:48:43+00:00,35.22661020979285,-80.84996899589896
2024-10-22,2024-10-22 10:48:44+00:00,35.22659495472908,-80.84999481216073
2024-10-22,2024-10-22 10:48:45+00:00,35.22657785564661,-80.85001626983285
2024-10-22,2024-10-22 10:48:46+00:00,35.22656218148768,-80.85003496147692
2024-10-22,2024-10-22 10:48:47+00:00,35.226546758785844,-80.85005734115839
2024-10-22,2024-10-22 10:48:48+00:00,35.22652957588434,-80.8500777091831
2024-10-22,2024-10-22 10:48:49+00:00,35.226512141525745,-80.85010319016874
2024-10-22,2024-10-22 10:48:50+00:00,35.22649571299553,-80.85012590512633
2024-10-22,2024-10-22 10:48:51+00:00,35.22647735662758,-80.85014929063618
2024-10-22,2024-10-22 10:48:52+00:00,35.22645874880254,-80.85017125122249
2024-10-22,2024-10-22 10:48:53+00:00,35.2264403924346,-80.85019329562783
2024-10-22,2024-10-22 10:48:54+00:00,35.226424131542444,-80.85021534003317
2024-10-22,2024-10-22 10:48:55+00:00,35.22641021758318,-80.85023671388626
2024-10-22,2024-10-22 10:48:56+00:00,35.226397225633264,-80.8502608537674
2024-10-22,2024-10-22 10:48:57+00:00,35.22638255730271,-80.85028164088726
2024-10-22,2024-10-22 10:48:58+00:00,35.22637082263827,-80.85029957816005
2024-10-22,2024-10-22 10:48:59+00:00,35.22635682485998,-80.85031533613801
2024-10-22,2024-10-22 10:49:00+00:00,35.226344503462315,-80.85033813491464
2024-10-22,2024-10-22 10:49:01+00:00,35.22633075714111,-80.8503605145961
2024-10-22,2024-10-22 10:49:02+00:00,35.22631684318185,-80.85038448683918
2024-10-22,2024-10-22 10:49:03+00:00,35.2263021748513,-80.85040770471096
2024-10-22,2024-10-22 10:49:04+00:00,35.22628859616816,-80.8504352811724
2024-10-22,2024-10-22 10:49:05+00:00,35.22627451457083,-80.85045841522515
2024-10-22,2024-10-22 10:49:06+00:00,35.226261019706726,-80.85048196837306
2024-10-22,2024-10-22 10:49:07+00:00,35.22624702192843,-80.85050577297807
2024-10-22,2024-10-22 10:49:08+00:00,35.226234113797545,-80.85053008049726
2024-10-22,2024-10-22 10:49:09+00:00,35.226221373304725,-80.85055480711162
2024-10-22,2024-10-22 10:49:10+00:00,35.22620645351708,-80.85057877935469
2024-10-22,2024-10-22 10:49:11+00:00,35.226191617548466,-80.85060266777873
2024-10-22,2024-10-22 10:49:12+00:00,35.22617602720857,-80.85062630474567
2024-10-22,2024-10-22 10:49:13+00:00,35.226160772144794,-80.85064625367522
2024-10-22,2024-10-22 10:49:14+00:00,35.22614191286266,-80.85066737607121
2024-10-22,2024-10-22 10:49:15+00:00,35.22612137719989,-80.8506887499243
2024-10-22,2024-10-22 10:49:16+00:00,35.226100254803896,-80.8507080283016
2024-10-22,2024-10-22 10:49:17+00:00,35.22607561200857,-80.85072127170861
2024-10-22,2024-10-22 10:49:18+00:00,35.2260482031852,-80.85072940215468
2024-10-22,2024-10-22 10:49:19+00:00,35.22602473385632,-80.85073359310627
2024-10-22,2024-10-22 10:49:20+00:00,35.22600210271776,-80.85073803551495
2024-10-22,2024-10-22 10:49:21+00:00,35.225981902331114,-80.85074096918106
2024-10-22,2024-10-22 10:49:22+00:00,35.225968323647976,-80.85073719732463
2024-10-22,2024-10-22 10:49:23+00:00,35.225956505164504,-80.85072403773665
2024-10-22,2024-10-22 10:49:24+00:00,35.225944602862,-80.85070392116904
2024-10-22,2024-10-22 10:49:25+00:00,35.225932616740465,-80.85068070329726
2024-10-22,2024-10-22 10:49:26+00:00,35.22591677494347,-80.85065681487322
2024-10-22,2024-10-22 10:49:27+00:00,35.225899927318096,-80.85063636302948
2024-10-22,2024-10-22 10:49:28+00:00,35.225881738588214,-80.85061524063349
2024-10-22,2024-10-22 10:49:29+00:00,35.225863717496395,-80.8506004884839
2024-10-22,2024-10-22 10:49:30+00:00,35.22584351710975,-80.85059093311429
2024-10-22,2024-10-22 10:49:31+00:00,35.22582298144698,-80.85058582015336
2024-10-22,2024-10-22 10:49:32+00:00,35.225801607593894,-80.85058204829693
2024-10-22,2024-10-22 10:49:33+00:00,35.225780149921775,-80.85057953372598
2024-10-22,2024-10-22 10:49:34+00:00,35.22576087154448,-80.85057416930795
2024-10-22,2024-10-22 10:49:35+00:00,35.22574125789106,-80.85056855343282
2024-10-22,2024-10-22 10:49:36+00:00,35.22572306916118,-80.85055933333933
2024-10-22,2024-10-22 10:49:37+00:00,35.22570697590709,-80.85054986178875
2024-10-22,2024-10-22 10:49:38+00:00,35.225686775520444,-80.85054106079042
2024-10-22,2024-10-22 10:49:39+00:00,35.22566540166736,-80.85053242743015
2024-10-22,2024-10-22 10:49:40+00:00,35.225644866004586,-80.85052077658474
2024-10-22,2024-10-22 10:49:41+00:00,35.2256253361702,-80.8505095448345
2024-10-22,2024-10-22 10:49:42+00:00,35.22561217658222,-80.85049504414201
2024-10-22,2024-10-22 10:49:43+00:00,35.2255941554904,-80.85047936998308
2024-10-22,2024-10-22 10:49:44+00:00,35.22558007389307,-80.85046168416739
2024-10-22,2024-10-22 10:49:45+00:00,35.22555945441127,-80.85044181905687
2024-10-22,2024-10-22 10:49:46+00:00,35.22554143331945,-80.85042178630829
2024-10-22,2024-10-22 10:49:47+00:00,35.225521149113774,-80.85040510632098
2024-10-22,2024-10-22 10:49:48+00:00,35.22549943998456,-80.8503869175911
2024-10-22,2024-10-22 10:49:49+00:00,35.225475719198585,-80.85036956705153
2024-10-22,2024-10-22 10:49:50+00:00,35.22545300424099,-80.85036302916706
2024-10-22,2024-10-22 10:49:51+00:00,35.225440599024296,-80.85038071498275
2024-10-22,2024-10-22 10:49:52+00:00,35.22542970255017,-80.85040443576872
2024-10-22,2024-10-22 10:49:53+00:00,35.22542953491211,-80.85043989121914
2024-10-22,2024-10-22 10:49:54+00:00,35.225434647873044,-80.85047132335603
2024-10-22,2024-10-22 10:49:55+00:00,35.22544428706169,-80.85050560534
2024-10-22,2024-10-22 10:49:56+00:00,35.22545501589775,-80.85053611546755
2024-10-22,2024-10-22 10:49:57+00:00,35.225468426942825,-80.85055958479643
2024-10-22,2024-10-22 10:49:58+00:00,35.22548217326403,-80.85058213211596
2024-10-22,2024-10-22 10:49:59+00:00,35.22550094872713,-80.85060325451195
2024-10-22,2024-10-22 10:50:00+00:00,35.22551762871444,-80.85061892867088
2024-10-22,2024-10-22 10:50:01+00:00,35.22553690709174,-80.85063619539142
2024-10-22,2024-10-22 10:50:02+00:00,35.225550485774875,-80.85065186955035
2024-10-22,2024-10-22 10:50:03+00:00,35.22556574083865,-80.85067072883248
2024-10-22,2024-10-22 10:50:04+00:00,35.22557755932212,-80.8506874088198
2024-10-22,2024-10-22 10:50:05+00:00,35.225590635091066,-80.85070878267288
2024-10-22,2024-10-22 10:50:06+00:00,35.22559767588973,-80.8507268037647
2024-10-22,2024-10-22 10:50:07+00:00,35.22557873278856,-80.85076695308089
2024-10-22,2024-10-22 10:50:08+00:00,35.22556590847671,-80.8507822919637
2024-10-22,2024-10-22 10:50:09+00:00,35.22552869282663,-80.85080324672163
2024-10-22,2024-10-22 10:50:10+00:00,35.225498685613275,-80.85080006159842
2024-10-22,2024-10-22 10:50:11+00:00,35.22547211498022,-80.85080559365451
2024-10-22,2024-10-22 10:50:12+00:00,35.225447388365865,-80.85081204771996
2024-10-22,2024-10-22 10:50:13+00:00,35.22542308084667,-80.85081933997571
2024-10-22,2024-10-22 10:50:14+00:00,35.22540170699358,-80.85082948207855
2024-10-22,2024-10-22 10:50:15+00:00,35.22537907585502,-80.85084029473364
2024-10-22,2024-10-22 10:50:16+00:00,35.225354516878724,-80.85085135884583
2024-10-22,2024-10-22 10:50:17+00:00,35.225332556292415,-80.8508594892919
2024-10-22,2024-10-22 10:50:18+00:00,35.22531051188707,-80.8508687093854
2024-10-22,2024-10-22 10:50:19+00:00,35.2252867911011,-80.85087650455534
2024-10-22,2024-10-22 10:50:20+00:00,35.22526399232447,-80.85088916122913
2024-10-22,2024-10-22 10:50:21+00:00,35.22524136118591,-80.85089704021811
2024-10-22,2024-10-22 10:50:22+00:00,35.22521814331412,-80.8509083557874
2024-10-22,2024-10-22 10:50:23+00:00,35.22519593127072,-80.85091774351895
2024-10-22,2024-10-22 10:50:24+00:00,35.22517296485603,-80.85092931054533
2024-10-22,2024-10-22 10:50:25+00:00,35.225151758641005,-80.85093727335334
2024-10-22,2024-10-22 10:50:26+00:00,35.22512895986438,-80.85094749927521
2024-10-22,2024-10-22 10:50:27+00:00,35.225103897973895,-80.85095655173063
2024-10-22,2024-10-22 10:50:28+00:00,35.22507724352181,-80.85096803493798
2024-10-22,2024-10-22 10:50:29+00:00,35.22505335509777,-80.85098018869758
2024-10-22,2024-10-22 10:50:30+00:00,35.22503147833049,-80.85099468939006
2024-10-22,2024-10-22 10:50:31+00:00,35.22500985302031,-80.85100726224482
2024-10-22,2024-10-22 10:50:32+00:00,35.22498713806272,-80.8510275464505
2024-10-22,2024-10-22 10:50:33+00:00,35.224967105314136,-80.85104623809457
2024-10-22,2024-10-22 10:50:34+00:00,35.22494522854686,-80.85106685757637
2024-10-22,2024-10-22 10:50:35+00:00,35.22492544725537,-80.8510841242969
2024-10-22,2024-10-22 10:50:36+00:00,35.22490382194519,-80.85110348649323
2024-10-22,2024-10-22 10:50:37+00:00,35.2248824480921,-80.85111916065216
2024-10-22,2024-10-22 10:50:38+00:00,35.22485973313451,-80.85113726556301
2024-10-22,2024-10-22 10:50:39+00:00,35.22483861073852,-80.85115084424615
2024-10-22,2024-10-22 10:50:40+00:00,35.224817488342524,-80.85116635076702
2024-10-22,2024-10-22 10:50:41+00:00,35.22479837760329,-80.85118194110692
2024-10-22,2024-10-22 10:50:42+00:00,35.22477733902633,-80.85120121948421
2024-10-22,2024-10-22 10:50:43+00:00,35.22475705482066,-80.85121714510024
2024-10-22,2024-10-22 10:50:44+00:00,35.22473559714854,-80.85123592056334
2024-10-22,2024-10-22 10:50:45+00:00,35.224715480580926,-80.85125125944614
2024-10-22,2024-10-22 10:50:46+00:00,35.22469360381365,-80.85127062164247
2024-10-22,2024-10-22 10:50:47+00:00,35.22467600181699,-80.8512883912772
2024-10-22,2024-10-22 10:50:48+00:00,35.22465940564871,-80.85130817256868
2024-10-22,2024-10-22 10:50:49+00:00,35.2246424742043,-80.85132543928921
2024-10-22,2024-10-22 10:50:50+00:00,35.22462856024504,-80.85134295746684
2024-10-22,2024-10-22 10:50:51+00:00,35.22461296990514,-80.85136382840574
2024-10-22,2024-10-22 10:50:52+00:00,35.22459637373686,-80.85138428024948
2024-10-22,2024-10-22 10:50:53+00:00,35.224579609930515,-80.85140766575933
2024-10-22,2024-10-22 10:50:54+00:00,35.22456469014287,-80.85142962634563
2024-10-22,2024-10-22 10:50:55+00:00,35.22454809397459,-80.85145309567451
2024-10-22,2024-10-22 10:50:56+00:00,35.224533174186945,-80.85147715173662
2024-10-22,2024-10-22 10:50:57+00:00,35.22451716475189,-80.85150430910289
2024-10-22,2024-10-22 10:50:58+00:00,35.224500484764576,-80.85152802988887
2024-10-22,2024-10-22 10:50:59+00:00,35.22448296658695,-80.85155501961708
2024-10-22,2024-10-22 10:51:00+00:00,35.22446737624705,-80.85157999768853
2024-10-22,2024-10-22 10:51:01+00:00,35.224453965201974,-80.85160497575998
2024-10-22,2024-10-22 10:51:02+00:00,35.224443320184946,-80.85162609815598
2024-10-22,2024-10-22 10:51:03+00:00,35.22442965768278,-80.85165141150355
2024-10-22,2024-10-22 10:51:04+00:00,35.22441716864705,-80.85167270153761
2024-10-22,2024-10-22 10:51:05+00:00,35.22439897991717,-80.85169843398035
2024-10-22,2024-10-22 10:51:06+00:00,35.22438146173954,-80.85171871818602
2024-10-22,2024-10-22 10:51:07+00:00,35.22435933351517,-80.8517390023917
2024-10-22,2024-10-22 10:51:08+00:00,35.22433988749981,-80.85176062770188
2024-10-22,2024-10-22 10:51:09+00:00,35.22431993857026,-80.85178233683109
2024-10-22,2024-10-22 10:51:10+00:00,35.224303090944886,-80.8518027048558
2024-10-22,2024-10-22 10:51:11+00:00,35.22428750060499,-80.85182474926114
2024-10-22,2024-10-22 10:51:12+00:00,35.224274760112166,-80.85184612311423
2024-10-22,2024-10-22 10:51:13+00:00,35.22425916977227,-80.85187185555696
2024-10-22,2024-10-22 10:51:14+00:00,35.224246345460415,-80.85189825855196
2024-10-22,2024-10-22 10:51:15+00:00,35.22423243150115,-80.85192491300404
2024-10-22,2024-10-22 10:51:16+00:00,35.22421985864639,-80.85195056162775
2024-10-22,2024-10-22 10:51:17+00:00,35.22420711815357,-80.85197604261339
2024-10-22,2024-10-22 10:51:18+00:00,35.22420460358262,-80.8520009368658
2024-10-22,2024-10-22 10:51:19+00:00,35.22419731132686,-80.85202935151756
2024-10-22,2024-10-22 10:51:20+00:00,35.22419764660299,-80.85205927491188
2024-10-22,2024-10-22 10:51:21+00:00,35.224193539470434,-80.85208408534527
2024-10-22,2024-10-22 10:51:22+00:00,35.2241934556514,-80.8521169424057
2024-10-22,2024-10-22 10:51:23+00:00,35.22419127635658,-80.85215390659869
2024-10-22,2024-10-22 10:51:24+00:00,35.22418792359531,-80.852194391191
2024-10-22,2024-10-22 10:51:25+00:00,35.224180379882455,-80.85222867317498
2024-10-22,2024-10-22 10:51:26+00:00,35.22417669184506,-80.85226337425411
2024-10-22,2024-10-22 10:51:27+00:00,35.22417216561735,-80.85229656659067
2024-10-22,2024-10-22 10:51:28+00:00,35.224170153960586,-80.85233277641237
2024-10-22,2024-10-22 10:51:29+00:00,35.22416881285608,-80.85236957296729
2024-10-22,2024-10-22 10:51:30+00:00,35.2241675555706,-80.8524050284177
2024-10-22,2024-10-22 10:51:31+00:00,35.22416587918997,-80.85243855603039
2024-10-22,2024-10-22 10:51:32+00:00,35.224165292456746,-80.85247392766178
2024-10-22,2024-10-22 10:51:33+00:00,35.22416604682803,-80.8525041025132
2024-10-22,2024-10-22 10:51:34+00:00,35.22416512481868,-80.85253226570785
2024-10-22,2024-10-22 10:51:35+00:00,35.22416445426643,-80.85256160236895
2024-10-22,2024-10-22 10:51:36+00:00,35.22416462190449,-80.85259462706745
2024-10-22,2024-10-22 10:51:37+00:00,35.224165795370936,-80.85262639448047
2024-10-22,2024-10-22 10:51:38+00:00,35.2241643704474,-80.85265321657062
2024-10-22,2024-10-22 10:51:39+00:00,35.224165292456746,-80.85268045775592
2024-10-22,2024-10-22 10:51:40+00:00,35.22416554391384,-80.85270845331252
2024-10-22,2024-10-22 10:51:41+00:00,35.224167136475444,-80.85273980163038
2024-10-22,2024-10-22 10:51:42+00:00,35.22416889667511,-80.85277215577662
2024-10-22,2024-10-22 10:51:43+00:00,35.22417166270316,-80.85280559957027
2024-10-22,2024-10-22 10:51:44+00:00,35.224175434559584,-80.85283728316426
2024-10-22,2024-10-22 10:51:45+00:00,35.22417979314923,-80.85286477580667
2024-10-22,2024-10-22 10:51:46+00:00,35.22418373264372,-80.85289226844907
2024-10-22,2024-10-22 10:51:47+00:00,35.22418616339564,-80.85292026400566
2024-10-22,2024-10-22 10:51:48+00:00,35.224185744300485,-80.8529478404671
2024-10-22,2024-10-22 10:51:49+00:00,35.22418448701501,-80.85297566838562
2024-10-22,2024-10-22 10:51:50+00:00,35.224182307720184,-80.85300550796092
2024-10-22,2024-10-22 10:51:51+00:00,35.22417820058763,-80.85303350351751
2024-10-22,2024-10-22 10:51:52+00:00,35.22416068241,-80.85306392982602
2024-10-22,2024-10-22 10:51:53+00:00,35.22414408624172,-80.85308941081166
2024-10-22,2024-10-22 10:51:54+00:00,35.22412430495024,-80.85311438888311
2024-10-22,2024-10-22 10:51:55+00:00,35.22410779260099,-80.85313660092652
2024-10-22,2024-10-22 10:51:56+00:00,35.224086586385965,-80.85315101779997
2024-10-22,2024-10-22 10:51:57+00:00,35.22407669574022,-80.8531719725579
2024-10-22,2024-10-22 10:51:58+00:00,35.22406529635191,-80.85319175384939
2024-10-22,2024-10-22 10:51:59+00:00,35.224055824801326,-80.85321245715022
2024-10-22,2024-10-22 10:52:00+00:00,35.22404383867979,-80.85323383100331
2024-10-22,2024-10-22 10:52:01+00:00,35.22403319366276,-80.85325486958027
2024-10-22,2024-10-22 10:52:02+00:00,35.22402372211218,-80.8532739803195
2024-10-22,2024-10-22 10:52:03+00:00,35.22401047870517,-80.85329501889646
2024-10-22,2024-10-22 10:52:04+00:00,35.22400226444006,-80.85331513546407
2024-10-22,2024-10-22 10:52:05+00:00,35.223993714898825,-80.85333541966975
2024-10-22,2024-10-22 10:52:06+00:00,35.22398265078664,-80.85335645824671
2024-10-22,2024-10-22 10:52:07+00:00,35.22397141903639,-80.85337825119495
2024-10-22,2024-10-22 10:52:08+00:00,35.22396253421903,-80.85340356454253
2024-10-22,2024-10-22 10:52:09+00:00,35.223949206992984,-80.85343357175589
2024-10-22,2024-10-22 10:52:10+00:00,35.223935125395656,-80.853465590626
2024-10-22,2024-10-22 10:52:11+00:00,35.2239225525409,-80.85349685512483
2024-10-22,2024-10-22 10:52:12+00:00,35.22390796802938,-80.85352694615722
2024-10-22,2024-10-22 10:52:13+00:00,35.22389573045075,-80.85355661809444
2024-10-22,2024-10-22 10:52:14+00:00,35.22387779317796,-80.85358838550746
2024-10-22,2024-10-22 10:52:15+00:00,35.22385424003005,-80.85360531695187
2024-10-22,2024-10-22 10:52:16+00:00,35.22383253090084,-80.8535847812891
2024-10-22,2024-10-22 10:52:17+00:00,35.22381744347513,-80.85360799916089
2024-10-22,2024-10-22 10:52:18+00:00,35.22379263304174,-80.85362727753818
2024-10-22,2024-10-22 10:52:19+00:00,35.22376136854291,-80.853650579229
2024-10-22,2024-10-22 10:52:20+00:00,35.223724991083145,-80.85368117317557
2024-10-22,2024-10-22 10:52:21+00:00,35.22369590587914,-80.85370313376188
2024-10-22,2024-10-22 10:52:22+00:00,35.2236617077142,-80.85372149012983
2024-10-22,2024-10-22 10:52:23+00:00,35.22363178431988,-80.8537264354527
2024-10-22,2024-10-22 10:52:24+00:00,35.223602280020714,-80.85372568108141
2024-10-22,2024-10-22 10:52:25+00:00,35.2235755417496,-80.85371905937791
2024-10-22,2024-10-22 10:52:26+00:00,35.22355265915394,-80.85370916873217
2024-10-22,2024-10-22 10:52:27+00:00,35.22352977655828,-80.85369349457324
2024-10-22,2024-10-22 10:52:28+00:00,35.223505049943924,-80.85367714986205
2024-10-22,2024-10-22 10:52:29+00:00,35.22348375990987,-80.8536587934941
2024-10-22,2024-10-22 10:52:30+00:00,35.22346129640937,-80.85364253260195
2024-10-22,2024-10-22 10:52:31+00:00,35.22343933582306,-80.8536260202527
2024-10-22,2024-10-22 10:52:32+00:00,35.22341703996062,-80.8536127768457
2024-10-22,2024-10-22 10:52:33+00:00,35.22339650429785,-80.85359819233418
2024-10-22,2024-10-22 10:52:34+00:00,35.223371693864465,-80.85358017124236
2024-10-22,2024-10-22 10:52:35+00:00,35.22334998473525,-80.85355930030346
2024-10-22,2024-10-22 10:52:36+00:00,35.22332978434861,-80.85353876464069
2024-10-22,2024-10-22 10:52:37+00:00,35.22331193089485,-80.85351747460663
2024-10-22,2024-10-22 10:52:38+00:00,35.223291143774986,-80.8534951787442
2024-10-22,2024-10-22 10:52:39+00:00,35.22327463142574,-80.85347564890981
2024-10-22,2024-10-22 10:52:40+00:00,35.2232576161623,-80.85345435887575
2024-10-22,2024-10-22 10:52:41+00:00,35.223240265622735,-80.85343197919428
2024-10-22,2024-10-22 10:52:42+00:00,35.22322090342641,-80.85341228172183
2024-10-22,2024-10-22 10:52:43+00:00,35.22320154123008,-80.8533934224397
2024-10-22,2024-10-22 10:52:44+00:00,35.22317974828184,-80.8533725515008
2024-10-22,2024-10-22 10:52:45+00:00,35.223159631714225,-80.85335243493319
2024-10-22,2024-10-22 10:52:46+00:00,35.223142029717565,-80.85333391092718
2024-10-22,2024-10-22 10:52:47+00:00,35.22312216460705,-80.8533138781786
2024-10-22,2024-10-22 10:52:48+00:00,35.2231038082391,-80.85329384543002
2024-10-22,2024-10-22 10:52:49+00:00,35.223083943128586,-80.85327649489045
2024-10-22,2024-10-22 10:52:50+00:00,35.22306650876999,-80.85326191037893
2024-10-22,2024-10-22 10:52:51+00:00,35.223046308383346,-80.85324757732451
2024-10-22,2024-10-22 10:52:52+00:00,35.22302853874862,-80.85323140025139
2024-10-22,2024-10-22 10:52:53+00:00,35.22300691343844,-80.85321296006441
2024-10-22,2024-10-22 10:52:54+00:00,35.222985623404384,-80.853190748021
2024-10-22,2024-10-22 10:52:55+00:00,35.22296148352325,-80.85316979326308
2024-10-22,2024-10-22 10:52:56+00:00,35.22294430062175,-80.85315185599029
2024-10-22,2024-10-22 10:52:57+00:00,35.222924603149295,-80.85313249379396
2024-10-22,2024-10-22 10:52:58+00:00,35.22290674969554,-80.8531151432544
2024-10-22,2024-10-22 10:52:59+00:00,35.22288671694696,-80.85309418849647
2024-10-22,2024-10-22 10:53:00+00:00,35.222867438569665,-80.85307499393821
2024-10-22,2024-10-22 10:53:01+00:00,35.22284723818302,-80.85305596701801
2024-10-22,2024-10-22 10:53:02+00:00,35.2228257805109,-80.85303828120232
2024-10-22,2024-10-22 10:53:03+00:00,35.22281111218035,-80.85301380604506
2024-10-22,2024-10-22 10:53:04+00:00,35.22279183380306,-80.85299327038229
2024-10-22,2024-10-22 10:53:05+00:00,35.222775824368,-80.8529700525105
2024-10-22,2024-10-22 10:53:06+00:00,35.2227549534291,-80.85294633172452
2024-10-22,2024-10-22 10:53:07+00:00,35.22273726761341,-80.85292554460466
2024-10-22,2024-10-22 10:53:08+00:00,35.2227187436074,-80.85290542803705
2024-10-22,2024-10-22 10:53:09+00:00,35.2227034047246,-80.85288480855525
2024-10-22,2024-10-22 10:53:10+00:00,35.22268789820373,-80.85286737419665
2024-10-22,2024-10-22 10:53:11+00:00,35.222670547664165,-80.85284893400967
2024-10-22,2024-10-22 10:53:12+00:00,35.22265705280006,-80.85283124819398
2024-10-22,2024-10-22 10:53:13+00:00,35.22264146246016,-80.85280710831285
2024-10-22,2024-10-22 10:53:14+00:00,35.22262578830123,-80.85278104059398
2024-10-22,2024-10-22 10:53:15+00:00,35.2226101141423,-80.852757319808
2024-10-22,2024-10-22 10:53:16+00:00,35.222590835765004,-80.85273703560233
2024-10-22,2024-10-22 10:53:17+00:00,35.22257214412093,-80.85272043943405
2024-10-22,2024-10-22 10:53:18+00:00,35.22255051881075,-80.85271163843572
2024-10-22,2024-10-22 10:53:19+00:00,35.22253048606217,-80.85270158015192
2024-10-22,2024-10-22 10:53:20+00:00,35.22250894457102,-80.85269252769649
2024-10-22,2024-10-22 10:53:21+00:00,35.222490169107914,-80.85268163122237
2024-10-22,2024-10-22 10:53:22+00:00,35.22246602922678,-80.85266696289182
2024-10-22,2024-10-22 10:53:23+00:00,35.22244549356401,-80.85265288129449
2024-10-22,2024-10-22 10:53:24+00:00,35.22242361679673,-80.85263737477362
2024-10-22,2024-10-22 10:53:25+00:00,35.22240458987653,-80.85261583328247
2024-10-22,2024-10-22 10:53:26+00:00,35.22238690406084,-80.85259496234357
2024-10-22,2024-10-22 10:53:27+00:00,35.2223751693964,-80.8525725826621
2024-10-22,2024-10-22 10:53:28+00:00,35.2223682962358,-80.85254735313356
2024-10-22,2024-10-22 10:53:29+00:00,35.22239193320274,-80.85251223295927
2024-10-22,2024-10-22 10:53:30+00:00,35.22240836173296,-80.8524829801172
2024-10-22,2024-10-22 10:53:31+00:00,35.22241774946451,-80.85245942696929
2024-10-22,2024-10-22 10:53:32+00:00,35.222426215186715,-80.85243696346879
2024-10-22,2024-10-22 10:53:33+00:00,35.222429567947984,-80.85240888409317
2024-10-22,2024-10-22 10:53:34+00:00,35.22243367508054,-80.85237854160368
2024-10-22,2024-10-22 10:53:35+00:00,35.222437027841806,-80.85234417580068
2024-10-22,2024-10-22 10:53:36+00:00,35.22243878804147,-80.8523191139102
2024-10-22,2024-10-22 10:53:37+00:00,35.22244197316468,-80.85228969343007
2024-10-22,2024-10-22 10:53:38+00:00,35.22245169617236,-80.85226345807314
2024-10-22,2024-10-22 10:53:39+00:00,35.222462844103575,-80.85224024020135
2024-10-22,2024-10-22 10:53:40+00:00,35.22247575223446,-80.8522192016244
2024-10-22,2024-10-22 10:53:41+00:00,35.2224893309176,-80.8521980792284
2024-10-22,2024-10-22 10:53:42+00:00,35.2225028257817,-80.85217645391822
2024-10-22,2024-10-22 10:53:43+00:00,35.22252118214965,-80.85215583443642
2024-10-22,2024-10-22 10:53:44+00:00,35.22253702394664,-80.85213379003108
2024-10-22,2024-10-22 10:53:45+00:00,35.222552279010415,-80.85211224853992
2024-10-22,2024-10-22 10:53:46+00:00,35.22256166674197,-80.85208727046847
2024-10-22,2024-10-22 10:53:47+00:00,35.2225702162832,-80.85206455551088
2024-10-22,2024-10-22 10:53:48+00:00,35.22258086130023,-80.85204175673425
2024-10-22,2024-10-22 10:53:49+00:00,35.222596284002066,-80.85201786831021
2024-10-22,2024-10-22 10:53:50+00:00,35.22261212579906,-80.85199599154294
2024-10-22,2024-10-22 10:53:51+00:00,35.22262779995799,-80.8519734442234
2024-10-22,2024-10-22 10:53:52+00:00,35.22264439612627,-80.85195156745613
2024-10-22,2024-10-22 10:53:53+00:00,35.22266442887485,-80.85192834958434
2024-10-22,2024-10-22 10:53:54+00:00,35.22268144413829,-80.85190806537867
2024-10-22,2024-10-22 10:53:55+00:00,35.22270072251558,-80.85188308730721
2024-10-22,2024-10-22 10:53:56+00:00,35.222716899588704,-80.85185970179737
2024-10-22,2024-10-22 10:53:57+00:00,35.22273316048086,-80.85183606483042
2024-10-22,2024-10-22 10:53:58+00:00,35.22274875082076,-80.85181427188218
2024-10-22,2024-10-22 10:53:59+00:00,35.22276543080807,-80.8517889585346
2024-10-22,2024-10-22 10:54:00+00:00,35.222780518233776,-80.85176708176732
2024-10-22,2024-10-22 10:54:01+00:00,35.222797533497214,-80.85174067877233
2024-10-22,2024-10-22 10:54:02+00:00,35.22281262092292,-80.85171620361507
2024-10-22,2024-10-22 10:54:03+00:00,35.22283064201474,-80.85169164463878
2024-10-22,2024-10-22 10:54:04+00:00,35.222847405821085,-80.85167119279504
2024-10-22,2024-10-22 10:54:05+00:00,35.22286618128419,-80.85164780728519
2024-10-22,2024-10-22 10:54:06+00:00,35.222881101071835,-80.85162400268018
2024-10-22,2024-10-22 10:54:07+00:00,35.2228968590498,-80.85160137154162
2024-10-22,2024-10-22 10:54:08+00:00,35.222912449389696,-80.85157723166049
2024-10-22,2024-10-22 10:54:09+00:00,35.22293214686215,-80.85155677981675
2024-10-22,2024-10-22 10:54:10+00:00,35.222950503230095,-80.85152870044112
2024-10-22,2024-10-22 10:54:11+00:00,35.22296802140772,-80.85150397382677
2024-10-22,2024-10-22 10:54:12+00:00,35.22298428229988,-80.85147874429822
2024-10-22,2024-10-22 10:54:13+00:00,35.22300012409687,-80.85145527496934
2024-10-22,2024-10-22 10:54:14+00:00,35.22301563061774,-80.85142744705081
2024-10-22,2024-10-22 10:54:15+00:00,35.22303172387183,-80.85140481591225
2024-10-22,2024-10-22 10:54:16+00:00,35.223047314211726,-80.85138218477368
2024-10-22,2024-10-22 10:54:17+00:00,35.223062401637435,-80.8513605594635
2024-10-22,2024-10-22 10:54:18+00:00,35.2230779081583,-80.85133382119238
2024-10-22,2024-10-22 10:54:19+00:00,35.22309492342174,-80.85130917839706
2024-10-22,2024-10-22 10:54:20+00:00,35.22311604581773,-80.85128378123045
2024-10-22,2024-10-22 10:54:21+00:00,35.22313398309052,-80.85126089863479
2024-10-22,2024-10-22 10:54:22+00:00,35.22315259091556,-80.85123374126852
2024-10-22,2024-10-22 10:54:23+00:00,35.223170863464475,-80.85120926611125
2024-10-22,2024-10-22 10:54:24+00:00,35.22319223731756,-80.85118093527853
2024-10-22,2024-10-22 10:54:25+00:00,35.22320891730487,-80.85115478374064
2024-10-22,2024-10-22 10:54:26+00:00,35.22322542965412,-80.85113123059273
2024-10-22,2024-10-22 10:54:27+00:00,35.22324143908918,-80.851113460958
2024-10-22,2024-10-22 10:54:28+00:00,35.22325225174427,-80.85109225474298
2024-10-22,2024-10-22 10:54:29+00:00,35.22325778380036,-80.85106685757637
2024-10-22,2024-10-22 10:54:30+00:00,35.22325652651489,-80.8510428853333
2024-10-22,2024-10-22 10:54:31+00:00,35.22325082682073,-80.85100868716836
2024-10-22,2024-10-22 10:54:32+00:00,35.22323867306113,-80.85098563693464
2024-10-22,2024-10-22 10:54:33+00:00,35.22322308272123,-80.85095655173063
2024-10-22,2024-10-22 10:54:34+00:00,35.22320665419102,-80.85092889145017
2024-10-22,2024-10-22 10:54:35+00:00,35.22318930365145,-80.85089863277972
2024-10-22,2024-10-22 10:54:36+00:00,35.223171869292855,-80.85086979903281
2024-10-22,2024-10-22 10:54:37+00:00,35.22315552458167,-80.85084632970393
2024-10-22,2024-10-22 10:54:38+00:00,35.223135240376,-80.85081933997571
2024-10-22,2024-10-22 10:54:39+00:00,35.22312258370221,-80.850791009143
2024-10-22,2024-10-22 10:54:40+00:00,35.22311638109386,-80.8507545478642
2024-10-22,2024-10-22 10:54:41+00:00,35.22310414351523,-80.850730240345
2024-10-22,2024-10-22 10:54:42+00:00,35.2230884693563,-80.8507045917213
2024-10-22,2024-10-22 10:54:43+00:00,35.22307732142508,-80.85068363696337
2024-10-22,2024-10-22 10:54:44+00:00,35.22305921651423,-80.85066318511963
2024-10-22,2024-10-22 10:54:45+00:00,35.22304270416498,-80.85064105689526
2024-10-22,2024-10-22 10:54:46+00:00,35.22302124649286,-80.85062177851796
2024-10-22,2024-10-22 10:54:47+00:00,35.223001800477505,-80.85060065612197
2024-10-22,2024-10-22 10:54:48+00:00,35.22298185154796,-80.85057894699275
2024-10-22,2024-10-22 10:54:49+00:00,35.222966177389026,-80.8505457546562
2024-10-22,2024-10-22 10:54:50+00:00,35.222954358905554,-80.85051289759576
2024-10-22,2024-10-22 10:54:51+00:00,35.22294639609754,-80.85047794505954
2024-10-22,2024-10-22 10:54:52+00:00,35.22293231450021,-80.85044994950294
2024-10-22,2024-10-22 10:54:53+00:00,35.222920663654804,-80.85042589344084
2024-10-22,2024-10-22 10:54:54+00:00,35.222908509895205,-80.85039714351296
2024-10-22,2024-10-22 10:54:55+00:00,35.22290105000138,-80.85036495700479
2024-10-22,2024-10-22 10:54:56+00:00,35.22288437001407,-80.85033503361046
2024-10-22,2024-10-22 10:54:57+00:00,35.22287112660706,-80.85030544549227
2024-10-22,2024-10-22 10:54:58+00:00,35.222860649228096,-80.85028524510562
2024-10-22,2024-10-22 10:54:59+00:00,35.222856625914574,-80.85024978965521
2024-10-22,2024-10-22 10:55:00+00:00,35.22285000421107,-80.850217519328
2024-10-22,2024-10-22 10:55:01+00:00,35.22283801808953,-80.85018910467625
2024-10-22,2024-10-22 10:55:02+00:00,35.222840113565326,-80.85015532560647
2024-10-22,2024-10-22 10:55:03+00:00,35.222831228747964,-80.85012540221214
2024-10-22,2024-10-22 10:55:04+00:00,35.222827792167664,-80.85009078495204
2024-10-22,2024-10-22 10:55:05+00:00,35.22281555458903,-80.85005977191031
2024-10-22,2024-10-22 10:55:06+00:00,35.222823014482856,-80.85001157596707
2024-10-22,2024-10-22 10:55:07+00:00,35.22281052544713,-80.84998148493469
2024-10-22,2024-10-22 10:55:08+00:00,35.22280809469521,-80.84994100034237
2024-10-22,2024-10-22 10:55:09+00:00,35.222801975905895,-80.84990764036775
2024-10-22,2024-10-22 10:55:10+00:00,35.22279334254563,-80.84987402893603
2024-10-22,2024-10-22 10:55:11+00:00,35.22278009913862,-80.84984485991299
2024-10-22,2024-10-22 10:55:12+00:00,35.22276786155999,-80.84981384687126
2024-10-22,2024-10-22 10:55:13+00:00,35.22275252267718,-80.84978342056274
2024-10-22,2024-10-22 10:55:14+00:00,35.22273567505181,-80.84975986741483
2024-10-22,2024-10-22 10:55:15+00:00,35.22271824069321,-80.84974176250398
2024-10-22,2024-10-22 10:55:16+00:00,35.22269225679338,-80.84972784854472
2024-10-22,2024-10-22 10:55:17+00:00,35.222674906253815,-80.84970924071968
2024-10-22,2024-10-22 10:55:18+00:00,35.22265269421041,-80.8496979251504
2024-10-22,2024-10-22 10:55:19+00:00,35.22263031452894,-80.84969633258879
2024-10-22,2024-10-22 10:55:20+00:00,35.22259544581175,-80.84970379248261
2024-10-22,2024-10-22 10:55:21+00:00,35.22257348522544,-80.84970052354038
2024-10-22,2024-10-22 10:55:22+00:00,35.22252998314798,-80.84973824210465
2024-10-22,2024-10-22 10:55:23+00:00,35.2225046698004,-80.849768249318
2024-10-22,2024-10-22 10:55:24+00:00,35.22247759625316,-80.84978903643787
2024-10-22,2024-10-22 10:55:25+00:00,35.22244750522077,-80.84983807057142
2024-10-22,2024-10-22 10:55:26+00:00,35.22242152132094,-80.84986464120448
2024-10-22,2024-10-22 10:55:27+00:00,35.22239453159273,-80.84988894872367
2024-10-22,2024-10-22 10:55:28+00:00,35.2223733253777,-80.84990629926324
2024-10-22,2024-10-22 10:55:29+00:00,35.22235379554331,-80.84992482326925
2024-10-22,2024-10-22 10:55:30+00:00,35.222337115556,-80.8499429281801
2024-10-22,2024-10-22 10:55:31+00:00,35.22231901064515,-80.84996061399579
2024-10-22,2024-10-22 10:55:32+00:00,35.22229889407754,-80.84997930563986
2024-10-22,2024-10-22 10:55:33+00:00,35.22227944806218,-80.84999690763652
2024-10-22,2024-10-22 10:55:34+00:00,35.222259163856506,-80.85001761093736
2024-10-22,2024-10-22 10:55:35+00:00,35.222237538546324,-80.85003479383886
2024-10-22,2024-10-22 10:55:36+00:00,35.222220439463854,-80.85005692206323
2024-10-22,2024-10-22 10:55:37+00:00,35.22220158018172,-80.85007578134537
2024-10-22,2024-10-22 10:55:38+00:00,35.22218221798539,-80.8500983286649
2024-10-22,2024-10-22 10:55:39+00:00,35.22215967066586,-80.85011542774737
2024-10-22,2024-10-22 10:55:40+00:00,35.22213804535568,-80.85013688541949
2024-10-22,2024-10-22 10:55:41+00:00,35.22211742587388,-80.85015524178743
2024-10-22,2024-10-22 10:55:42+00:00,35.2220955491066,-80.85017636418343
2024-10-22,2024-10-22 10:55:43+00:00,35.22207551635802,-80.8501934632659
2024-10-22,2024-10-22 10:55:44+00:00,35.2220559027046,-80.85021357983351
2024-10-22,2024-10-22 10:55:45+00:00,35.222038468346,-80.8502315171063
2024-10-22,2024-10-22 10:55:46+00:00,35.222021201625466,-80.850251885131
2024-10-22,2024-10-22 10:55:47+00:00,35.22200376726687,-80.85026797838509
2024-10-22,2024-10-22 10:55:48+00:00,35.22198423743248,-80.85028667002916
2024-10-22,2024-10-22 10:55:49+00:00,35.22196663543582,-80.8503039367497
2024-10-22,2024-10-22 10:55:50+00:00,35.221948362886906,-80.85032422095537
2024-10-22,2024-10-22 10:55:51+00:00,35.221929755061865,-80.85034710355103
2024-10-22,2024-10-22 10:55:52+00:00,35.221911231055856,-80.8503657951951
2024-10-22,2024-10-22 10:55:53+00:00,35.2218952216208,-80.85038742050529
2024-10-22,2024-10-22 10:55:54+00:00,35.22187376394868,-80.85040150210261
2024-10-22,2024-10-22 10:55:55+00:00,35.22185515612364,-80.85042187012732
2024-10-22,2024-10-22 10:55:56+00:00,35.2218362968415,-80.85043737664819
2024-10-22,2024-10-22 10:55:57+00:00,35.22181768901646,-80.85045766085386
2024-10-22,2024-10-22 10:55:58+00:00,35.22179774008691,-80.85047534666955
2024-10-22,2024-10-22 10:55:59+00:00,35.22177997045219,-80.85049864836037
2024-10-22,2024-10-22 10:56:00+00:00,35.22176085971296,-80.8505180105567
2024-10-22,2024-10-22 10:56:01+00:00,35.2217414136976,-80.85053988732398
2024-10-22,2024-10-22 10:56:02+00:00,35.22172381170094,-80.85055690258741
2024-10-22,2024-10-22 10:56:03+00:00,35.22170503623784,-80.85057710297406
2024-10-22,2024-10-22 10:56:04+00:00,35.22168667986989,-80.850595459342
2024-10-22,2024-10-22 10:56:05+00:00,35.22166798822582,-80.850616581738
2024-10-22,2024-10-22 10:56:06+00:00,35.221649296581745,-80.85063468664885
2024-10-22,2024-10-22 10:56:07+00:00,35.2216290961951,-80.85065404884517
2024-10-22,2024-10-22 10:56:08+00:00,35.22160948254168,-80.85066771134734
2024-10-22,2024-10-22 10:56:09+00:00,35.221588276326656,-80.85067265667021
2024-10-22,2024-10-22 10:56:10+00:00,35.22156681865454,-80.85067642852664
2024-10-22,2024-10-22 10:56:11+00:00,35.221539828926325,-80.8506736624986
2024-10-22,2024-10-22 10:56:12+00:00,35.22151577286422,-80.8506765961647
2024-10-22,2024-10-22 10:56:13+00:00,35.22149314172566,-80.85068439133465
2024-10-22,2024-10-22 10:56:14+00:00,35.22147009149194,-80.85069947876036
2024-10-22,2024-10-22 10:56:15+00:00,35.22144511342049,-80.85070869885385
2024-10-22,2024-10-22 10:56:16+00:00,35.221422566100955,-80.85071951150894
2024-10-22,2024-10-22 10:56:17+00:00,35.2213994320482,-80.85072395391762
2024-10-22,2024-10-22 10:56:18+00:00,35.221374621614814,-80.85073166526854
2024-10-22,2024-10-22 10:56:19+00:00,35.22135157138109,-80.85073728114367
2024-10-22,2024-10-22 10:56:20+00:00,35.22132558748126,-80.85074499249458
2024-10-22,2024-10-22 10:56:21+00:00,35.22130245342851,-80.85074968636036
2024-10-22,2024-10-22 10:56:22+00:00,35.2212786488235,-80.85075144656003
2024-10-22,2024-10-22 10:56:23+00:00,35.22125635296106,-80.85075370967388
2024-10-22,2024-10-22 10:56:24+00:00,35.221232045441866,-80.85076184011996
2024-10-22,2024-10-22 10:56:25+00:00,35.221212012693286,-80.85076921619475
2024-10-22,2024-10-22 10:56:26+00:00,35.22119105793536,-80.85078421980143
2024-10-22,2024-10-22 10:56:27+00:00,35.22117454558611,-80.8507978823036
2024-10-22,2024-10-22 10:56:28+00:00,35.22115644067526,-80.85081590339541
2024-10-22,2024-10-22 10:56:29+00:00,35.22113875485957,-80.85083660669625
2024-10-22,2024-10-22 10:56:30+00:00,35.22111947648227,-80.85085781291127
2024-10-22,2024-10-22 10:56:31+00:00,35.22110044956207,-80.85087985731661
2024-10-22,2024-10-22 10:56:32+00:00,35.221081925556064,-80.8509044162929
2024-10-22,2024-10-22 10:56:33+00:00,35.22106516174972,-80.85092604160309
2024-10-22,2024-10-22 10:56:34+00:00,35.22104755975306,-80.85094657726586
2024-10-22,2024-10-22 10:56:35+00:00,35.22103121504188,-80.85096694529057
2024-10-22,2024-10-22 10:56:36+00:00,35.221010595560074,-80.85098437964916
2024-10-22,2024-10-22 10:56:37+00:00,35.220989221706986,-80.85099829360843
2024-10-22,2024-10-22 10:56:38+00:00,35.220966171473265,-80.85100466385484
2024-10-22,2024-10-22 10:56:39+00:00,35.22094253450632,-80.8510011434555
2024-10-22,2024-10-22 10:56:40+00:00,35.22091965191066,-80.85098714567721
2024-10-22,2024-10-22 10:56:41+00:00,35.22090347483754,-80.85096769966185
2024-10-22,2024-10-22 10:56:42+00:00,35.220887046307325,-80.85094716399908
2024-10-22,2024-10-22 10:56:43+00:00,35.22086969576776,-80.85092562250793
2024-10-22,2024-10-22 10:56:44+00:00,35.22084999829531,-80.85090198554099
2024-10-22,2024-10-22 10:56:45+00:00,35.22082854062319,-80.85087943822145
2024-10-22,2024-10-22 10:56:46+00:00,35.22081152535975,-80.85085823200643
2024-10-22,2024-10-22 10:56:47+00:00,35.22079325281084,-80.85083853453398
2024-10-22,2024-10-22 10:56:48+00:00,35.220775064080954,-80.85081883706152
2024-10-22,2024-10-22 10:56:49+00:00,35.22075545042753,-80.85079721175134
2024-10-22,2024-10-22 10:56:50+00:00,35.220736507326365,-80.8507767599076
2024-10-22,2024-10-22 10:56:51+00:00,35.22071538493037,-80.85075387731194
2024-10-22,2024-10-22 10:56:52+00:00,35.22069367580116,-80.85073669441044
2024-10-22,2024-10-22 10:56:53+00:00,35.22067037411034,-80.85071909241378
2024-10-22,2024-10-22 10:56:54+00:00,35.22064598277211,-80.85070375353098
2024-10-22,2024-10-22 10:56:55+00:00,35.22062251344323,-80.85068548098207
2024-10-22,2024-10-22 10:56:56+00:00,35.220600217580795,-80.85066519677639
2024-10-22,2024-10-22 10:56:57+00:00,35.22057984955609,-80.85064440965652
2024-10-22,2024-10-22 10:56:58+00:00,35.22055797278881,-80.85062731057405
2024-10-22,2024-10-22 10:56:59+00:00,35.22053835913539,-80.85060534998775
2024-10-22,2024-10-22 10:57:00+00:00,35.220530396327376,-80.850571654737
2024-10-22,2024-10-22 10:57:01+00:00,35.220543975010514,-80.8505420666188
2024-10-22,2024-10-22 10:57:02+00:00,35.220551770180464,-80.85051373578608
2024-10-22,2024-10-22 10:57:03+00:00,35.2205619122833,-80.8504884224385
2024-10-22,2024-10-22 10:57:04+00:00,35.220575742423534,-80.85046285763383
2024-10-22,2024-10-22 10:57:05+00:00,35.22059225477278,-80.85044047795236
2024-10-22,2024-10-22 10:57:06+00:00,35.220611952245235,-80.85041566751897
2024-10-22,2024-10-22 10:57:07+00:00,35.22063282318413,-80.8503967244178
2024-10-22,2024-10-22 10:57:08+00:00,35.22065553814173,-80.85037417709827
2024-10-22,2024-10-22 10:57:09+00:00,35.220676492899656,-80.85035758093
2024-10-22,2024-10-22 10:57:10+00:00,35.220698537305,-80.85033595561981
2024-10-22,2024-10-22 10:57:11+00:00,35.22071974352002,-80.85031617432833
2024-10-22,2024-10-22 10:57:12+00:00,35.22074053063989,-80.85029505193233
2024-10-22,2024-10-22 10:57:13+00:00,35.22076106630266,-80.8502764441073
2024-10-22,2024-10-22 10:57:14+00:00,35.22078084759414,-80.85025599226356
2024-10-22,2024-10-22 10:57:15+00:00,35.22080062888563,-80.85023730061948
2024-10-22,2024-10-22 10:57:16+00:00,35.220819571986794,-80.85021492093801
2024-10-22,2024-10-22 10:57:17+00:00,35.22083641961217,-80.85019228979945
2024-10-22,2024-10-22 10:57:18+00:00,35.220854273065925,-80.85017192177474
2024-10-22,2024-10-22 10:57:19+00:00,35.2208711206913,-80.85014744661748
2024-10-22,2024-10-22 10:57:20+00:00,35.22088922560215,-80.85012389346957
2024-10-22,2024-10-22 10:57:21+00:00,35.22090473212302,-80.85009614937007
2024-10-22,2024-10-22 10:57:22+00:00,35.220920238643885,-80.85006932727993
2024-10-22,2024-10-22 10:57:23+00:00,35.22093893028796,-80.8500375598669
2024-10-22,2024-10-22 10:57:24+00:00,35.220957454293966,-80.85001518018544
2024-10-22,2024-10-22 10:57:25+00:00,35.22097941488028,-80.84999112412333
2024-10-22,2024-10-22 10:57:26+00:00,35.22100120782852,-80.84997268393636
2024-10-22,2024-10-22 10:57:27+00:00,35.2210214920342,-80.84995340555906
2024-10-22,2024-10-22 10:57:28+00:00,35.221039010211825,-80.84993429481983
2024-10-22,2024-10-22 10:57:29+00:00,35.221056025475264,-80.8499151840806
2024-10-22,2024-10-22 10:57:30+00:00,35.22107019089162,-80.84989045746624
2024-10-22,2024-10-22 10:57:31+00:00,35.22108846344054,-80.84986514411867
2024-10-22,2024-10-22 10:57:32+00:00,35.22110732272267,-80.84983781911433
2024-10-22,2024-10-22 10:57:33+00:00,35.22112567909062,-80.8498136792332
2024-10-22,2024-10-22 10:57:34+00:00,35.22114487364888,-80.84978467784822
2024-10-22,2024-10-22 10:57:35+00:00,35.22116440348327,-80.84976380690932
2024-10-22,2024-10-22 10:57:36+00:00,35.22118301130831,-80.84973908029497
2024-10-22,2024-10-22 10:57:37+00:00,35.22120086476207,-80.84971720352769
2024-10-22,2024-10-22 10:57:38+00:00,35.2212181314826,-80.84969205781817
2024-10-22,2024-10-22 10:57:39+00:00,35.22123481146991,-80.8496680855751
2024-10-22,2024-10-22 10:57:40+00:00,35.221251491457224,-80.84964260458946
2024-10-22,2024-10-22 10:57:41+00:00,35.221266662701964,-80.84961955435574
2024-10-22,2024-10-22 10:57:42+00:00,35.221280409023166,-80.84959558211267
2024-10-22,2024-10-22 10:57:43+00:00,35.22129440680146,-80.84956884384155
2024-10-22,2024-10-22 10:57:44+00:00,35.22130832076073,-80.84954336285591
2024-10-22,2024-10-22 10:57:45+00:00,35.221323911100626,-80.849514529109
2024-10-22,2024-10-22 10:57:46+00:00,35.22133883088827,-80.84949038922787
2024-10-22,2024-10-22 10:57:47+00:00,35.22135308012366,-80.84946038201451
2024-10-22,2024-10-22 10:57:48+00:00,35.22136598825455,-80.84943389520049
2024-10-22,2024-10-22 10:57:49+00:00,35.22137872874737,-80.8494038041681
2024-10-22,2024-10-22 10:57:50+00:00,35.22139239124954,-80.84938100539148
2024-10-22,2024-10-22 10:57:51+00:00,35.22140555083752,-80.84935166873038
2024-10-22,2024-10-22 10:57:52+00:00,35.22142005153,-80.84932928904891
2024-10-22,2024-10-22 10:57:53+00:00,35.221434300765395,-80.84930003620684
2024-10-22,2024-10-22 10:57:54+00:00,35.22144829854369,-80.84927405230701
2024-10-22,2024-10-22 10:57:55+00:00,35.221463553607464,-80.84924220107496
2024-10-22,2024-10-22 10:57:56+00:00,35.221477719023824,-80.8492190670222
2024-10-22,2024-10-22 10:57:57+00:00,35.221492890268564,-80.84919140674174
2024-10-22,2024-10-22 10:57:58+00:00,35.221508983522654,-80.84916575811803
2024-10-22,2024-10-22 10:57:59+00:00,35.221522729843855,-80.84913575090468
2024-10-22,2024-10-22 10:58:00+00:00,35.22153748199344,-80.84911085665226
2024-10-22,2024-10-22 10:58:01+00:00,35.22155189886689,-80.84908512420952
2024-10-22,2024-10-22 10:58:02+00:00,35.221567153930664,-80.84905955940485
2024-10-22,2024-10-22 10:58:03+00:00,35.2215807326138,-80.8490295521915
2024-10-22,2024-10-22 10:58:04+00:00,35.22159095853567,-80.84899694658816
2024-10-22,2024-10-22 10:58:05+00:00,35.221607722342014,-80.84896685555577
2024-10-22,2024-10-22 10:58:06+00:00,35.22162331268191,-80.84893559105694
2024-10-22,2024-10-22 10:58:07+00:00,35.221638986840844,-80.84890767931938
2024-10-22,2024-10-22 10:58:08+00:00,35.221657594665885,-80.84887675009668
2024-10-22,2024-10-22 10:58:09+00:00,35.22167595103383,-80.84884791634977
2024-10-22,2024-10-22 10:58:10+00:00,35.22168827243149,-80.84881371818483
2024-10-22,2024-10-22 10:58:11+00:00,35.22169556468725,-80.8487806096673
2024-10-22,2024-10-22 10:58:12+00:00,35.221691289916635,-80.84874590858817
2024-10-22,2024-10-22 10:58:13+00:00,35.221673771739006,-80.84870668128133
2024-10-22,2024-10-22 10:58:14+00:00,35.22165826521814,-80.84867298603058
2024-10-22,2024-10-22 10:58:15+00:00,35.221647284924984,-80.84864130243659
2024-10-22,2024-10-22 10:58:16+00:00,35.221643932163715,-80.84860199131072
2024-10-22,2024-10-22 10:58:17+00:00,35.221642423421144,-80.84856435656548
2024-10-22,2024-10-22 10:58:18+00:00,35.22164954803884,-80.84853300824761
2024-10-22,2024-10-22 10:58:19+00:00,35.22165826521814,-80.84850191138685
2024-10-22,2024-10-22 10:58:20+00:00,35.22167251445353,-80.8484716527164
2024-10-22,2024-10-22 10:58:21+00:00,35.22168324328959,-80.84844633936882
2024-10-22,2024-10-22 10:58:22+00:00,35.22169539704919,-80.84841951727867
2024-10-22,2024-10-22 10:58:23+00:00,35.221708388999104,-80.84839621558785
2024-10-22,2024-10-22 10:58:24+00:00,35.22172515280545,-80.84836696274579
2024-10-22,2024-10-22 10:58:25+00:00,35.22174200043082,-80.84833695553243
2024-10-22,2024-10-22 10:58:26+00:00,35.2217588480562,-80.8483107201755
2024-10-22,2024-10-22 10:58:27+00:00,35.22177854552865,-80.84828222170472
2024-10-22,2024-10-22 10:58:28+00:00,35.22179472260177,-80.84825799800456
2024-10-22,2024-10-22 10:58:29+00:00,35.22181458771229,-80.84823410958052
2024-10-22,2024-10-22 10:58:30+00:00,35.22183361463249,-80.84820745512843
2024-10-22,2024-10-22 10:58:31+00:00,35.221849204972386,-80.84818700328469
2024-10-22,2024-10-22 10:58:32+00:00,35.22186462767422,-80.84816881455481
2024-10-22,2024-10-22 10:58:33+00:00,35.22188616916537,-80.84814635105431
2024-10-22,2024-10-22 10:58:34+00:00,35.221903435885906,-80.84812925197184
2024-10-22,2024-10-22 10:58:35+00:00,35.221927827224135,-80.84810242988169
2024-10-22,2024-10-22 10:58:36+00:00,35.22194165736437,-80.84807896055281
2024-10-22,2024-10-22 10:58:37+00:00,35.22195967845619,-80.84805004298687
2024-10-22,2024-10-22 10:58:38+00:00,35.22197501733899,-80.8480260707438
2024-10-22,2024-10-22 10:58:39+00:00,35.22199496626854,-80.84800302051008
2024-10-22,2024-10-22 10:58:40+00:00,35.222014244645834,-80.84797527641058
2024-10-22,2024-10-22 10:58:41+00:00,35.222033355385065,-80.84794853813946
2024-10-22,2024-10-22 10:58:42+00:00,35.22205213084817,-80.84792163223028
2024-10-22,2024-10-22 10:58:43+00:00,35.22207132540643,-80.84790151566267
2024-10-22,2024-10-22 10:58:44+00:00,35.22209672257304,-80.84788030944765
2024-10-22,2024-10-22 10:58:45+00:00,35.222118347883224,-80.84786279127002
2024-10-22,2024-10-22 10:58:46+00:00,35.22213997319341,-80.84784342907369
2024-10-22,2024-10-22 10:58:47+00:00,35.222163777798414,-80.8478307723999
2024-10-22,2024-10-22 10:58:48+00:00,35.22219185717404,-80.84781283512712
2024-10-22,2024-10-22 10:58:49+00:00,35.222223876044154,-80.84780428558588
2024-10-22,2024-10-22 10:58:50+00:00,35.22225203923881,-80.84778911434114
2024-10-22,2024-10-22 10:58:51+00:00,35.22227307781577,-80.84777100943029
2024-10-22,2024-10-22 10:58:52+00:00,35.22229369729757,-80.8477459475398
2024-10-22,2024-10-22 10:58:53+00:00,35.22232194431126,-80.84773479960859
2024-10-22,2024-10-22 10:58:54+00:00,35.22235739976168,-80.84772314876318
2024-10-22,2024-10-22 10:58:55+00:00,35.22237986326218,-80.84770789369941
2024-10-22,2024-10-22 10:58:56+00:00,35.22240014746785,-80.84768970496953
2024-10-22,2024-10-22 10:58:57+00:00,35.22241749800742,-80.84767067804933
2024-10-22,2024-10-22 10:58:58+00:00,35.222428645938635,-80.84764561615884
2024-10-22,2024-10-22 10:58:59+00:00,35.222431076690555,-80.84761150181293
2024-10-22,2024-10-22 10:59:00+00:00,35.22242445498705,-80.84757529199123
2024-10-22,2024-10-22 10:59:01+00:00,35.22239905782044,-80.84751326590776
2024-10-22,2024-10-22 10:59:02+00:00,35.22238774225116,-80.84746859036386
2024-10-22,2024-10-22 10:59:03+00:00,35.22236938588321,-80.84743095561862
2024-10-22,2024-10-22 10:59:04+00:00,35.22234817966819,-80.84739181213081
2024-10-22,2024-10-22 10:59:05+00:00,35.22232437506318,-80.84734831005335
2024-10-22,2024-10-22 10:59:06+00:00,35.222296211868525,-80.84731067530811
2024-10-22,2024-10-22 10:59:07+00:00,35.22226771339774,-80.84728259593248
2024-10-22,2024-10-22 10:59:08+00:00,35.22224273532629,-80.84726113826036
2024-10-22,2024-10-22 10:59:09+00:00,35.22221691906452,-80.84723272360861
2024-10-22,2024-10-22 10:59:10+00:00,35.22219294682145,-80.84720950573683
2024-10-22,2024-10-22 10:59:11+00:00,35.22216805256903,-80.84718226455152
2024-10-22,2024-10-22 10:59:12+00:00,35.22214257158339,-80.84715594537556
2024-10-22,2024-10-22 10:59:13+00:00,35.22211323492229,-80.84712493233383
2024-10-22,2024-10-22 10:59:14+00:00,35.222090100869536,-80.84710439667106
2024-10-22,2024-10-22 10:59:15+00:00,35.222067134454846,-80.84708168171346
2024-10-22,2024-10-22 10:59:16+00:00,35.22204450331628,-80.84706181660295
2024-10-22,2024-10-22 10:59:17+00:00,35.22202203981578,-80.84703910164535
2024-10-22,2024-10-22 10:59:18+00:00,35.221999157220125,-80.84702133201063
2024-10-22,2024-10-22 10:59:19+00:00,35.22197803482413,-80.84700163453817
2024-10-22,2024-10-22 10:59:20+00:00,35.221958085894585,-80.84698361344635
2024-10-22,2024-10-22 10:59:21+00:00,35.22193721495569,-80.84696064703166
2024-10-22,2024-10-22 10:59:22+00:00,35.22191341035068,-80.84693709388375
2024-10-22,2024-10-22 10:59:23+00:00,35.22189329378307,-80.84691043943167
2024-10-22,2024-10-22 10:59:24+00:00,35.22187326103449,-80.84688663482666
2024-10-22,2024-10-22 10:59:25+00:00,35.22185574285686,-80.84686232730746
2024-10-22,2024-10-22 10:59:26+00:00,35.22183797322214,-80.84683919325471
2024-10-22,2024-10-22 10:59:27+00:00,35.22182741202414,-80.84681362845004
2024-10-22,2024-10-22 10:59:28+00:00,35.22181215696037,-80.8467878960073
2024-10-22,2024-10-22 10:59:29+00:00,35.22180872038007,-80.84676551632583
2024-10-22,2024-10-22 10:59:30+00:00,35.221792459487915,-80.84674011915922
2024-10-22,2024-10-22 10:59:31+00:00,35.22178139537573,-80.84671631455421
2024-10-22,2024-10-22 10:59:32+00:00,35.2217657212168,-80.84669728763402
2024-10-22,2024-10-22 10:59:33+00:00,35.221752813085914,-80.84667893126607
2024-10-22,2024-10-22 10:59:34+00:00,35.221732361242175,-80.8466631732881
2024-10-22,2024-10-22 10:59:35+00:00,35.22171149030328,-80.84664406254888
2024-10-22,2024-10-22 10:59:36+00:00,35.22168919444084,-80.84662671200931
2024-10-22,2024-10-22 10:59:37+00:00,35.22166329436004,-80.84661078639328
2024-10-22,2024-10-22 10:59:38+00:00,35.22163865156472,-80.84659863263369
2024-10-22,2024-10-22 10:59:39+00:00,35.22161300294101,-80.84658664651215
2024-10-22,2024-10-22 10:59:40+00:00,35.22158693522215,-80.8465775102377
2024-10-22,2024-10-22 10:59:41+00:00,35.22156162187457,-80.84655152633786
2024-10-22,2024-10-22 10:59:42+00:00,35.221538906916976,-80.84653618745506
2024-10-22,2024-10-22 10:59:43+00:00,35.22151233628392,-80.84651581943035
2024-10-22,2024-10-22 10:59:44+00:00,35.22149624302983,-80.84649478085339
2024-10-22,2024-10-22 10:59:45+00:00,35.221482161432505,-80.84647114388645
2024-10-22,2024-10-22 10:59:46+00:00,35.221467493101954,-80.84645228460431
2024-10-22,2024-10-22 10:59:47+00:00,35.221452824771404,-80.84643443115056
2024-10-22,2024-10-22 10:59:48+00:00,35.22143388167024,-80.84641532041132
2024-10-22,2024-10-22 10:59:49+00:00,35.221415692940354,-80.84639302454889
2024-10-22,2024-10-22 10:59:50+00:00,35.221396666020155,-80.84637232124805
2024-10-22,2024-10-22 10:59:51+00:00,35.22137504070997,-80.84634809754789
2024-10-22,2024-10-22 10:59:52+00:00,35.22135375067592,-80.84632873535156
2024-10-22,2024-10-22 10:59:53+00:00,35.22133195772767,-80.84630350582302
2024-10-22,2024-10-22 10:59:54+00:00,35.22131041623652,-80.84628313779831
2024-10-22,2024-10-22 10:59:55+00:00,35.22128837183118,-80.84626084193587
2024-10-22,2024-10-22 10:59:56+00:00,35.22126850672066,-80.84624223411083
2024-10-22,2024-10-22 10:59:57+00:00,35.221246210858226,-80.84621725603938
2024-10-22,2024-10-22 10:59:58+00:00,35.22122777067125,-80.8461956307292
2024-10-22,2024-10-22 10:59:59+00:00,35.221208995208144,-80.84616981446743
2024-10-22,2024-10-22 11:00:00+00:00,35.22118913009763,-80.84614810533822
2024-10-22,2024-10-22 11:00:01+00:00,35.221169516444206,-80.84612178616226
2024-10-22,2024-10-22 11:00:02+00:00,35.221148477867246,-80.84610166959465
2024-10-22,2024-10-22 11:00:03+00:00,35.22112802602351,-80.84608088247478
2024-10-22,2024-10-22 11:00:04+00:00,35.22110413759947,-80.84606386721134
2024-10-22,2024-10-22 11:00:05+00:00,35.221081003546715,-80.84604442119598
2024-10-22,2024-10-22 11:00:06+00:00,35.221056025475264,-80.84602748975158
2024-10-22,2024-10-22 11:00:07+00:00,35.22103473544121,-80.84600988775492
2024-10-22,2024-10-22 11:00:08+00:00,35.221012104302645,-80.8459918666631
2024-10-22,2024-10-22 11:00:09+00:00,35.22098804824054,-80.84597133100033
2024-10-22,2024-10-22 11:00:10+00:00,35.220969105139375,-80.84595087915659
2024-10-22,2024-10-22 11:00:11+00:00,35.2209506649524,-80.84593042731285
2024-10-22,2024-10-22 11:00:12+00:00,35.2209332305938,-80.84590938873589
2024-10-22,2024-10-22 11:00:13+00:00,35.22091772407293,-80.84589019417763
2024-10-22,2024-10-22 11:00:14+00:00,35.22089718841016,-80.84586907178164
2024-10-22,2024-10-22 11:00:15+00:00,35.22087858058512,-80.84584769792855
2024-10-22,2024-10-22 11:00:16+00:00,35.22085653617978,-80.84582422859967
2024-10-22,2024-10-22 11:00:17+00:00,35.2208399400115,-80.84580017253757
2024-10-22,2024-10-22 11:00:18+00:00,35.220817644149065,-80.8457777928561
2024-10-22,2024-10-22 11:00:19+00:00,35.22079937160015,-80.84575675427914
2024-10-22,2024-10-22 11:00:20+00:00,35.22077347151935,-80.84573714062572
2024-10-22,2024-10-22 11:00:21+00:00,35.22075586952269,-80.84571979008615
2024-10-22,2024-10-22 11:00:22+00:00,35.22072988562286,-80.84569590166211
2024-10-22,2024-10-22 11:00:23+00:00,35.22071027196944,-80.8456794731319
2024-10-22,2024-10-22 11:00:24+00:00,35.22068873047829,-80.84566011093557
2024-10-22,2024-10-22 11:00:25+00:00,35.22066802717745,-80.84564401768148
2024-10-22,2024-10-22 11:00:26+00:00,35.22064522840083,-80.84562457166612
2024-10-22,2024-10-22 11:00:27+00:00,35.22062879987061,-80.84560445509851
2024-10-22,2024-10-22 11:00:28+00:00,35.220608515664935,-80.84558098576963
2024-10-22,2024-10-22 11:00:29+00:00,35.22058957256377,-80.84556438960135
2024-10-22,2024-10-22 11:00:30+00:00,35.22057104855776,-80.8455375675112
2024-10-22,2024-10-22 11:00:31+00:00,35.22055394947529,-80.84551577456295
2024-10-22,2024-10-22 11:00:32+00:00,35.22053198888898,-80.84549222141504
2024-10-22,2024-10-22 11:00:33+00:00,35.22051086649299,-80.84547218866646
2024-10-22,2024-10-22 11:00:34+00:00,35.220488822087646,-80.84544804878533
2024-10-22,2024-10-22 11:00:35+00:00,35.220469292253256,-80.84543094970286
2024-10-22,2024-10-22 11:00:36+00:00,35.22044783458114,-80.84540882147849
2024-10-22,2024-10-22 11:00:37+00:00,35.22042704746127,-80.84538912400603
2024-10-22,2024-10-22 11:00:38+00:00,35.22040927782655,-80.84537051618099
2024-10-22,2024-10-22 11:00:39+00:00,35.22039041854441,-80.84534989669919
2024-10-22,2024-10-22 11:00:40+00:00,35.22037072107196,-80.84532575681806
2024-10-22,2024-10-22 11:00:41+00:00,35.22035169415176,-80.84530530497432
2024-10-22,2024-10-22 11:00:42+00:00,35.22033149376512,-80.84528460167348
2024-10-22,2024-10-22 11:00:43+00:00,35.22031179629266,-80.84526448510587
2024-10-22,2024-10-22 11:00:44+00:00,35.22029167972505,-80.84524931386113
2024-10-22,2024-10-22 11:00:45+00:00,35.22027106024325,-80.84522986784577
2024-10-22,2024-10-22 11:00:46+00:00,35.22024566307664,-80.84521402604878
2024-10-22,2024-10-22 11:00:47+00:00,35.220226887613535,-80.84520128555596
2024-10-22,2024-10-22 11:00:48+00:00,35.220206351950765,-80.8451852761209
2024-10-22,2024-10-22 11:00:49+00:00,35.22018464282155,-80.84517119452357
2024-10-22,2024-10-22 11:00:50+00:00,35.22016762755811,-80.8451453782618
2024-10-22,2024-10-22 11:00:51+00:00,35.22014105692506,-80.84512073546648
2024-10-22,2024-10-22 11:00:52+00:00,35.220120856538415,-80.84511252120137
2024-10-22,2024-10-22 11:00:53+00:00,35.22011674940586,-80.84511453285813
2024-10-22,2024-10-22 11:00:54+00:00,35.22010367363691,-80.84512400440872
2024-10-22,2024-10-22 11:00:55+00:00,35.220096884295344,-80.84513573907316
2024-10-22,2024-10-22 11:00:56+00:00,35.220090681687,-80.84514026530087
2024-10-22,2024-10-22 11:00:57+00:00,35.220077354460955,-80.845159124583
2024-10-22,2024-10-22 11:00:58+00:00,35.22006939165294,-80.84518468938768
2024-10-22,2024-10-22 11:00:59+00:00,35.22005841135979,-80.84521176293492
2024-10-22,2024-10-22 11:01:00+00:00,35.2200455032289,-80.84523984231055
2024-10-22,2024-10-22 11:01:01+00:00,35.22003008052707,-80.84527110680938
2024-10-22,2024-10-22 11:01:02+00:00,35.22002044133842,-80.84531167522073
2024-10-22,2024-10-22 11:01:03+00:00,35.22000904195011,-80.84534352645278
2024-10-22,2024-10-22 11:01:04+00:00,35.21999697200954,-80.8453771378845
2024-10-22,2024-10-22 11:01:05+00:00,35.219987416639924,-80.84540714509785
2024-10-22,2024-10-22 11:01:06+00:00,35.21997777745128,-80.84543757140636
2024-10-22,2024-10-22 11:01:07+00:00,35.21997014991939,-80.8454635553062
2024-10-22,2024-10-22 11:01:08+00:00,35.219962522387505,-80.84549339488149
2024-10-22,2024-10-22 11:01:09+00:00,35.21995481103659,-80.84552164189517
2024-10-22,2024-10-22 11:01:10+00:00,35.219942489638925,-80.84555215202272
2024-10-22,2024-10-22 11:01:11+00:00,35.2199334371835,-80.84558132104576
2024-10-22,2024-10-22 11:01:12+00:00,35.219923965632915,-80.8456134237349
2024-10-22,2024-10-22 11:01:13+00:00,35.21991332061589,-80.84564443677664
2024-10-22,2024-10-22 11:01:14+00:00,35.21990133449435,-80.84567285142839
2024-10-22,2024-10-22 11:01:15+00:00,35.21989052183926,-80.84569891914725
2024-10-22,2024-10-22 11:01:16+00:00,35.219878451898694,-80.84572691470385
2024-10-22,2024-10-22 11:01:17+00:00,35.2198678907007,-80.84575616754591
2024-10-22,2024-10-22 11:01:18+00:00,35.21985665895045,-80.84578525274992
2024-10-22,2024-10-22 11:01:19+00:00,35.219849199056625,-80.84581676870584
2024-10-22,2024-10-22 11:01:20+00:00,35.21984056569636,-80.84584870375693
2024-10-22,2024-10-22 11:01:21+00:00,35.219835536554456,-80.84587837569416
2024-10-22,2024-10-22 11:01:22+00:00,35.21983972750604,-80.84591642953455
2024-10-22,2024-10-22 11:01:23+00:00,35.21983729675412,-80.84594710730016
2024-10-22,2024-10-22 11:01:24+00:00,35.2198332734406,-80.84597476758063
2024-10-22,2024-10-22 11:01:25+00:00,35.21983176469803,-80.84600502625108
2024-10-22,2024-10-22 11:01:26+00:00,35.21982640028,-80.8460333570838
2024-10-22,2024-10-22 11:01:27+00:00,35.219814917072654,-80.84605976007879
2024-10-22,2024-10-22 11:01:28+00:00,35.21979999728501,-80.8460801281035
2024-10-22,2024-10-22 11:01:29+00:00,35.21978164091706,-80.84610066376626
2024-10-22,2024-10-22 11:01:30+00:00,35.21976621821523,-80.84612237289548
2024-10-22,2024-10-22 11:01:31+00:00,35.21975087933242,-80.84615103900433
2024-10-22,2024-10-22 11:01:32+00:00,35.21973621100187,-80.84617735818028
2024-10-22,2024-10-22 11:01:33+00:00,35.21972347050905,-80.84620635956526
2024-10-22,2024-10-22 11:01:34+00:00,35.21970578469336,-80.84623276256025
2024-10-22,2024-10-22 11:01:35+00:00,35.219691284000874,-80.84626025520265
2024-10-22,2024-10-22 11:01:36+00:00,35.219676196575165,-80.84628598764539
2024-10-22,2024-10-22 11:01:37+00:00,35.21966119296849,-80.84631331264973
2024-10-22,2024-10-22 11:01:38+00:00,35.219647865742445,-80.84634021855891
2024-10-22,2024-10-22 11:01:39+00:00,35.21963537670672,-80.8463700581342
2024-10-22,2024-10-22 11:01:40+00:00,35.2196345385164,-80.84640266373754
2024-10-22,2024-10-22 11:01:41+00:00,35.219620959833264,-80.84643334150314
2024-10-22,2024-10-22 11:01:42+00:00,35.21961299702525,-80.84646477364004
2024-10-22,2024-10-22 11:01:43+00:00,35.21960302256048,-80.84649461321533
2024-10-22,2024-10-22 11:01:44+00:00,35.2195932995528,-80.84652847610414
2024-10-22,2024-10-22 11:01:45+00:00,35.2195829898119,-80.84655622020364
2024-10-22,2024-10-22 11:01:46+00:00,35.21957234479487,-80.84658689796925
2024-10-22,2024-10-22 11:01:47+00:00,35.21956094540656,-80.84661313332617
2024-10-22,2024-10-22 11:01:48+00:00,35.21954988129437,-80.84664473310113
2024-10-22,2024-10-22 11:01:49+00:00,35.21953915245831,-80.8466718904674
2024-10-22,2024-10-22 11:01:50+00:00,35.21952984854579,-80.8467017300427
2024-10-22,2024-10-22 11:01:51+00:00,35.21952414885163,-80.8467271272093
2024-10-22,2024-10-22 11:01:52+00:00,35.21951434202492,-80.8467583078891
2024-10-22,2024-10-22 11:01:53+00:00,35.219503194093704,-80.84678689017892
2024-10-22,2024-10-22 11:01:54+00:00,35.21949162706733,-80.84682175889611
2024-10-22,2024-10-22 11:01:55+00:00,35.219485173001885,-80.84684900008142
2024-10-22,2024-10-22 11:01:56+00:00,35.219473857432604,-80.84688202477992
2024-10-22,2024-10-22 11:01:57+00:00,35.21946547552943,-80.84690934978426
2024-10-22,2024-10-22 11:01:58+00:00,35.21945457905531,-80.84694002754986
2024-10-22,2024-10-22 11:01:59+00:00,35.21944711916149,-80.84696844220161
2024-10-22,2024-10-22 11:02:00+00:00,35.219437731429935,-80.84699945524335
2024-10-22,2024-10-22 11:02:01+00:00,35.219431864097714,-80.847027618438
2024-10-22,2024-10-22 11:02:02+00:00,35.219422141090035,-80.8470603916794
2024-10-22,2024-10-22 11:02:03+00:00,35.21941409446299,-80.84709065034986
2024-10-22,2024-10-22 11:02:04+00:00,35.21940797567368,-80.84712099283934
2024-10-22,2024-10-22 11:02:05+00:00,35.21940068341792,-80.84714999422431
2024-10-22,2024-10-22 11:02:06+00:00,35.21939146332443,-80.84717782214284
2024-10-22,2024-10-22 11:02:07+00:00,35.219385009258986,-80.847207326442
2024-10-22,2024-10-22 11:02:08+00:00,35.21937335841358,-80.84723867475986
2024-10-22,2024-10-22 11:02:09+00:00,35.21936556324363,-80.84727002307773
2024-10-22,2024-10-22 11:02:10+00:00,35.2193565107882,-80.84730179049075
2024-10-22,2024-10-22 11:02:11+00:00,35.219348799437284,-80.84733414463699
2024-10-22,2024-10-22 11:02:12+00:00,35.21934041753411,-80.84736532531679
2024-10-22,2024-10-22 11:02:13+00:00,35.21933572366834,-80.84739692509174
2024-10-22,2024-10-22 11:02:14+00:00,35.21932935342193,-80.8474285248667
2024-10-22,2024-10-22 11:02:15+00:00,35.21932180970907,-80.84745735861361
2024-10-22,2024-10-22 11:02:16+00:00,35.21931242197752,-80.84749029949307
2024-10-22,2024-10-22 11:02:17+00:00,35.21930521354079,-80.84752097725868
2024-10-22,2024-10-22 11:02:18+00:00,35.21929641254246,-80.8475511521101
2024-10-22,2024-10-22 11:02:19+00:00,35.219288701191545,-80.84757956676185
2024-10-22,2024-10-22 11:02:20+00:00,35.219281828030944,-80.84760898724198
2024-10-22,2024-10-22 11:02:21+00:00,35.21927621215582,-80.84763723425567
2024-10-22,2024-10-22 11:02:22+00:00,35.21927093155682,-80.84766757674515
2024-10-22,2024-10-22 11:02:23+00:00,35.21926305256784,-80.84769842214882
2024-10-22,2024-10-22 11:02:24+00:00,35.219256011769176,-80.84772951900959
2024-10-22,2024-10-22 11:02:25+00:00,35.219248635694385,-80.84775902330875
2024-10-22,2024-10-22 11:02:26+00:00,35.21924000233412,-80.84778936579823
2024-10-22,2024-10-22 11:02:27+00:00,35.219231620430946,-80.84782138466835
2024-10-22,2024-10-22 11:02:28+00:00,35.21922390908003,-80.84785063751042
2024-10-22,2024-10-22 11:02:29+00:00,35.219216868281364,-80.84787880070508
2024-10-22,2024-10-22 11:02:30+00:00,35.219207983464,-80.84790520370007
2024-10-22,2024-10-22 11:02:31+00:00,35.21919666789472,-80.84793705493212
2024-10-22,2024-10-22 11:02:32+00:00,35.21918719634414,-80.84796614013612
2024-10-22,2024-10-22 11:02:33+00:00,35.21917814388871,-80.84799497388303
2024-10-22,2024-10-22 11:02:34+00:00,35.21917127072811,-80.8480228856206
2024-10-22,2024-10-22 11:02:35+00:00,35.21916422992945,-80.84805306047201
2024-10-22,2024-10-22 11:02:36+00:00,35.2191561833024,-80.84808063693345
2024-10-22,2024-10-22 11:02:37+00:00,35.21914679557085,-80.84811097942293
2024-10-22,2024-10-22 11:02:38+00:00,35.21913950331509,-80.84813545458019
2024-10-22,2024-10-22 11:02:39+00:00,35.2191302832216,-80.84816629998386
2024-10-22,2024-10-22 11:02:40+00:00,35.21912097930908,-80.84819647483528
2024-10-22,2024-10-22 11:02:41+00:00,35.2191096637398,-80.84822782315314
2024-10-22,2024-10-22 11:02:42+00:00,35.21909893490374,-80.84825682453811
2024-10-22,2024-10-22 11:02:43+00:00,35.219086864963174,-80.84828758612275
2024-10-22,2024-10-22 11:02:44+00:00,35.21907596848905,-80.84831843152642
2024-10-22,2024-10-22 11:02:45+00:00,35.21906574256718,-80.8483527135104
2024-10-22,2024-10-22 11:02:46+00:00,35.21905484609306,-80.84838330745697
2024-10-22,2024-10-22 11:02:47+00:00,35.21904545836151,-80.84841784089804
2024-10-22,2024-10-22 11:02:48+00:00,35.219035567715764,-80.84845195524395
2024-10-22,2024-10-22 11:02:49+00:00,35.21902458742261,-80.84848782978952
2024-10-22,2024-10-22 11:02:50+00:00,35.21901444531977,-80.84851766936481
2024-10-22,2024-10-22 11:02:51+00:00,35.21900396794081,-80.84854868240654
2024-10-22,2024-10-22 11:02:52+00:00,35.218992149457335,-80.84857835434377
2024-10-22,2024-10-22 11:02:53+00:00,35.21898100152612,-80.84860651753843
2024-10-22,2024-10-22 11:02:54+00:00,35.21896968595684,-80.8486357703805
2024-10-22,2024-10-22 11:02:55+00:00,35.21895753219724,-80.84866292774677
2024-10-22,2024-10-22 11:02:56+00:00,35.21894630044699,-80.84868974983692
2024-10-22,2024-10-22 11:02:57+00:00,35.21893406286836,-80.84871950559318
2024-10-22,2024-10-22 11:02:58+00:00,35.218921238556504,-80.84875093773007
2024-10-22,2024-10-22 11:02:59+00:00,35.21890967153013,-80.84878136403859
2024-10-22,2024-10-22 11:03:00+00:00,35.21889919415116,-80.84881137125194
2024-10-22,2024-10-22 11:03:01+00:00,35.218890979886055,-80.84884062409401
2024-10-22,2024-10-22 11:03:02+00:00,35.21888586692512,-80.84887356497347
2024-10-22,2024-10-22 11:03:03+00:00,35.218880167230964,-80.84890399128199
2024-10-22,2024-10-22 11:03:04+00:00,35.21887262351811,-80.84893559105694
2024-10-22,2024-10-22 11:03:05+00:00,35.21886147558689,-80.84896668791771
2024-10-22,2024-10-22 11:03:06+00:00,35.21884965710342,-80.84899376146495
